{
 "align_labels_right": 0, 
 "creation": "2018-10-03 19:53:44.601304", 
 "custom_format": 1, 
 "disabled": 0, 
 "doc_type": "Farmer Payment Cycle Report", 
 "docstatus": 0, 
 "doctype": "Print Format", 
 "font": "Default", 
 "html": "\n\t<div class=\"page-break\">\n\t    <div class=\"print-heading\">\n\t\t\t<h2>Milk Collection Bill<br>\n\t\t        <small>{{doc.name}}</small>\n\t        </h2>\n\t    </div>\n\t    <div class=\"row section-break\">\n\t        <div class=\"col-xs-6 column-break\">\n\t                <div class=\"row\">\n\t\t\t\t\t\t<div class=\"col-xs-5 text-right\">\n\t\t\t\t\t\t\t<label><b>Vlcc Name</b></label>\n\t\t\t\t\t\t</div>\n\t\t\t\t\t\t<div class=\"col-xs-7  value\">\n\t\t\t\t\t\t\t{{doc.vlcc_name}}\n\t\t\t\t\t\t</div>\n\t\t\t\t\t</div>\n\t\t\t\t\t{% if doc.address_display %}\n\t\t                <div class=\"row\">\n\t\t\t\t\t\t\t<div class=\"col-xs-5 text-right\">\n\t\t\t\t\t\t\t\t<label>Address</label>\n\t\t\t\t\t\t\t</div>\n\t\t\t\t\t\t\t<div class=\"col-xs-7  value\">\n\t\t\t\t\t\t\t\t{{doc.address_display}}\n\t\t\t\t\t\t\t</div>\n\t\t\t\t\t\t</div>\n\t\t\t\t\t{%- endif -%}\n\t\t\t\t\t{% if doc.cattle_type %}\n\t\t                <div class=\"row\">\n\t\t\t\t\t\t\t<div class=\"col-xs-5 text-right\">\n\t\t\t\t\t\t\t\t<label>Cattle Type</label>\n\t\t\t\t\t\t\t</div>\n\t\t\t\t\t\t\t<div class=\"col-xs-7  value\">\n\t\t\t\t\t\t\t\t{{doc.cattle_type}}\n\n\t\t\t\t\t\t\t</div>\n\t\t\t\t\t\t</div>\n\t\t\t\t\t{%- endif -%}\n\t\t\t\t\t\t<div class=\"row\">\n\t\t\t\t\t\t\t<div class=\"col-xs-5 text-right\">\n\t\t\t\t\t\t\t\t<label>Date</label>\n\t\t\t\t\t\t\t</div>\n\t\t\t\t\t\t\t<div class=\"col-xs-7  value\">\n\t\t\t\t\t\t\t\t<!-- {{doc.date}} -->\n\t\t\t\t\t\t\t\t<!-- created by shrikant 26-10-18 13:45 -->\n\t\t\t\t\t\t\t\t{{ \n\t\t\t\t\t\t\t\t\tfrappe.utils.get_datetime(doc.date).strftime('%d')[:2]+'-'+\n\t\t\t\t\t\t\t\t\tfrappe.utils.get_datetime(doc.date).strftime('%m')[:2]+'-'+\n\t\t\t\t\t\t\t\t\tfrappe.utils.get_datetime(doc.date).strftime('%Y')[2:] \n\t\t\t\t\t\t\t\t}}\n\t\t\t\t\t\t\t\t<!-- end -->\n\t\t\t\t\t\t\t</div>\n\t\t\t\t\t\t</div>\n\t        </div>\n\t        \n\t        <div class=\"col-xs-6 column-break\">\n\t            <div class=\"row\">\n\t\t\t\t\t<div class=\"col-xs-5 text-right\">\n\t\t\t\t\t\t<label>Farmer ID</label>\n\t\t\t\t\t</div>\n\t\t\t\t\t<div class=\"col-xs-7  value\">\n\t\t\t\t\t\t{{doc.farmer_id}}\n\t\t\t\t\t</div>\n\t\t\t\t</div>\n\t            <div class=\"row\">\n\t\t\t\t\t<div class=\"col-xs-5 text-right\">\n\t\t\t\t\t\t<label>Farmer Name</label>\n\t\t\t\t\t</div>\n\t\t\t\t\t<div class=\"col-xs-7  value\">\n\t\t\t\t\t\t{{doc.farmer_name}}\n\t\t\t\t\t</div>\n\t\t\t\t</div>\n\t\t\t\t<div class=\"row\">\n\t\t\t\t\t<div class=\"col-xs-5 text-right\">\n\t\t\t\t\t\t<label>Farmer Mobile No:</label>\n\t\t\t\t\t</div>\n\t\t\t\t\t<div class=\"col-xs-7  value\">\n\t\t\t\t\t\t{{doc.farmer_phone_no or \"\"}}\n\t\t\t\t\t</div>\n\t\t\t\t</div>\n\t\t\t\t<div class=\"row\">\n\t\t\t\t\t<div class=\"col-xs-5 text-right\">\n\t\t\t\t\t\t<label>Collection From</label>\n\t\t\t\t\t</div>\n\t\t\t\t\t<div class=\"col-xs-7  value\">\n\t\t\t\t\t\t<!-- {{doc.collection_from}} -->\n\t\t\t\t\t\t<!-- created by shrikant 26-10-18 13:45 -->\n\t\t\t\t\t\t{{ \n\t\t\t\t\t\t\tfrappe.utils.get_datetime(doc.collection_from).strftime('%d')[:2]+'-'+\n\t\t\t\t\t\t\tfrappe.utils.get_datetime(doc.collection_from).strftime('%m')[:2]+'-'+\n\t\t\t\t\t\t\tfrappe.utils.get_datetime(doc.collection_from).strftime('%Y')[2:] \n\t\t\t\t\t\t}}\n\t\t\t\t\t\t<!-- end -->\n\t\t\t\t\t</div>\n\t\t\t\t</div>\n\t\t\t\t<div class=\"row\">\n\t\t\t\t\t<div class=\"col-xs-5 text-right\">\n\t\t\t\t\t\t<label>Collection To</label>\n\t\t\t\t\t</div>\n\t\t\t\t\t<div class=\"col-xs-7  value\">\n\t\t\t\t\t\t<!-- {{doc.collection_to}} -->\n\t\t\t\t\t\t<!-- created by shrikant 26-10-18 13:45 -->\n\t\t\t\t\t\t{{ \n\t\t\t\t\t\t\tfrappe.utils.get_datetime(doc.collection_to).strftime('%d')[:2]+'-'+\n\t\t\t\t\t\t\tfrappe.utils.get_datetime(doc.collection_to).strftime('%m')[:2]+'-'+\n\t\t\t\t\t\t\tfrappe.utils.get_datetime(doc.collection_to).strftime('%Y')[2:] \n\t\t\t\t\t\t}}\n\t\t\t\t\t\t<!-- end -->\n\t\t\t\t\t</div>\n\t\t\t\t</div>\n\t        </div>\n\t    </div>\n\t\t<table class=\"table table-bordered\">\n\t\t\t<tbody>\n\t\t\t\t<tr>\n\t\t\t\t\t<th>Sr</th>\n\t\t\t\t\t<th>Date</th>\n\t\t\t\t\t<th>Shift</th>\n\t\t\t\t\t<th class=\"text-right\">Litres</th>\n\t\t\t\t\t<th class=\"text-right\">Fat</th>\n\t\t\t\t\t<th class=\"text-right\">Snf</th>\n\t\t\t\t\t<th class=\"text-right\">Rate</th>\n\t\t\t\t\t<th class=\"text-right\">Amount</th>\n\t\t\t\t</tr>\n\t\t\t\t{%- for row in doc.fmcr_details -%}\n\t\t\t\t\t{% if (row.date) -%}\n\t\t\t\t\t\t<tr>\n\t\t\t\t\t\t\t<td style=\"width: 3%;\">{{ row.idx }}</td>\n\t\t\t\t\t\t\t<td style=\"width: 20%;\">\n\t\t\t\t\t\t\t\t<!-- {{ row.date }} -->\n\t\t\t\t\t\t\t\t<!-- created by shrikant 26-10-18 13:45 -->\n\t\t\t\t\t\t\t\t{{ \n\t\t\t\t\t\t\t\t\tfrappe.utils.get_datetime(row.date).strftime('%d')[:2]+'-'+\n\t\t\t\t\t\t\t\t\tfrappe.utils.get_datetime(row.date).strftime('%m')[:2]+'-'+\n\t\t\t\t\t\t\t\t\tfrappe.utils.get_datetime(row.date).strftime('%Y')[2:] \n\t\t\t\t\t\t\t\t}}\t\t\t\t\t\t\n\t\t\t\t\t\t\t\t<!-- end -->\n\t\t\t\t\t\t\t</td>\n\t\t\t\t\t\t\t<td style=\"width: 37%;\">\n\t\t\t\t\t\t\t\t<div style=\"border: 0px;\">{{ row.shift }}</div></td>\n\t\t\t\t\t\t\t<td style=\"width: 10%; text-align: right;\">{{ row.litres }} </td>\n\t\t\t\t\t\t\t<td style=\"width: 10%; text-align: right;\">{{ row.fat }} </td>\n\t\t\t\t\t\t\t<td style=\"width: 10%; text-align: right;\">{{ row.snf }} </td>\n\t\t\t\t\t\t\t<td style=\"width: 15%; text-align: right;\">{{\n\t\t\t\t\t\t\t\trow.get_formatted(\"rate\", doc) }}</td>\n\t\t\t\t\t\t\t<td style=\"width: 15%; text-align: right;\">{{\n\t\t\t\t\t\t\t\trow.get_formatted(\"amount\", doc) }}</td>\n\t\t\t\t\t\t</tr>\n\t\t\t\t\t{% else -%}\n\t\t\t\t\t\t<tr>\n\t\t\t\t\t\t\t<td style=\"width: 3%;\"></td>\n\t\t\t\t\t\t\t<td style=\"width: 20%;\"></td>\n\t\t\t\t\t\t\t<td style=\"width: 37%;\">\n\t\t\t\t\t\t\t\t<div style=\"border: 0px;\">{{ row.shift }}</div></td>\n\t\t\t\t\t\t\t<td style=\"width: 10%; text-align: right;\">\n\t\t\t\t\t\t\t\t{{ '%.2f'|format(row.litres) }}\n\t\t\t\t\t\t\t</td>\n\t\t\t\t\t\t\t<td style=\"width: 10%; text-align: right;\">\n\t\t\t\t\t\t\t\t{{ '%.2f'|format(row.fat) }}\n\t\t\t\t\t\t\t</td>\n\t\t\t\t\t\t\t<td style=\"width: 10%; text-align: right;\">\n\t\t\t\t\t\t\t\t{{ '%.2f'|format(row.snf)  }} \n\t\t\t\t\t\t\t</td>\n\t\t\t\t\t\t\t<td style=\"width: 15%; text-align: right;\">\n\t\t\t\t\t\t\t\t{{ '%.2f'|format(row.rate) }}\n\t\t\t\t\t\t\t</td>\n\t\t\t\t\t\t\t<td style=\"width: 15%; text-align: right;\">\n\t\t\t\t\t\t\t\t{{ '%.2f'|format(row.amount) }}\n\t\t\t\t\t\t\t</td>\n\t\t\t\t\t\t</tr>\n\t\t\t\t\t{%- endif %}\n\t\t\t\t{%- endfor -%}\n\t\t\t</tbody>\n\t\t</table>\n\t    <div class=\"row section-break\">\n\t        <div class=\"col-xs-6 column-break\">\n\t        </div>\n\t        <div class=\"col-xs-6 column-break\">\n\t                <div class=\"row\">\n\t\t\t\t\t\t<div class=\"col-xs-5 text-right\">\n\t\t\t\t\t\t\t<label>Total Amount</label>\n\t\t\t\t\t\t</div>\n\t\t\t\t\t\t<div class=\"col-xs-7 text-right value\">\n\t\t\t\t\t\t\t{{doc.total_amount}}\n\t\t\t\t\t\t</div>\n\t\t\t\t\t</div>\n\t                <div class=\"row\">\n\t\t\t\t\t\t<div class=\"col-xs-5 text-right\">\n\t\t\t\t\t\t\t<label>Commision</label>\n\t\t\t\t\t\t</div>\n\t\t\t\t\t\t<div class=\"col-xs-7 text-right value\">\n\t\t\t\t\t\t\t{{doc.incentives}}\n\t\t\t\t\t\t</div>\n\t\t\t\t\t</div>\n\t                <div class=\"row\">\n\t\t\t\t\t\t<div class=\"col-xs-5 text-right\">\n\t\t\t\t\t\t\t<label>Total Bill</label>\n\t\t\t\t\t\t</div>\n\t\t\t\t\t\t<div class=\"col-xs-7 text-right value\">\n\t\t\t\t\t\t\t{{doc.total_bill}}\n\t\t\t\t\t\t</div>\n\t\t\t\t\t</div>\n\t        </div>\n\t    </div>\n\t    <br>\n\t    <!-- <div class=\"row section-break\">\n\t    \t<div class=\"col-xs-6\">\n\t    \t\t<div class=\"row\">\n\t\t\t\t\t\t<div class=\"col-xs-5 text-right\">\n\t\t\t\t\t\t\t<label><b>Deductions:</b></label>\n\t\t\t\t\t\t</div>\n\t\t\t\t\t\t<div class=\"col-xs-7  value\">\n\t\t\t\t\t\t</div>\n\t\t\t\t\t</div>\t\n\t    \t</div>\n\t    </div> -->\n\t     <div class=\"row section-break\">\n\t        <div class=\"col-xs-2\"></div>\n\t        <div class=\"col-xs-5 column-break\">\n\t                \n\t                <div class=\"row\">\n\t\t\t\t\t\t<div class=\"col-xs-5 text-right\">\n\t\t\t\t\t\t\t<label><b>Advance EMI</b></label>\n\t\t\t\t\t\t</div>\n\t\t\t\t\t\t<div class=\"col-xs-7  value\">\n\t\t\t\t\t\t\t{{doc.advance_emi}}\n\t\t\t\t\t\t</div>\n\t\t\t\t\t</div>\n\n\t\t\t\t\t<div class=\"row\">\n\t\t\t\t\t\t<div class=\"col-xs-5 text-right\">\n\t\t\t\t\t\t\t<label><b>Loan EMI</b></label>\n\t\t\t\t\t\t</div>\n\t\t\t\t\t\t<div class=\"col-xs-7  value\">\n\t\t\t\t\t\t\t{{doc.loan_emi}}\n\t\t\t\t\t\t</div>\n\t\t\t\t\t</div>\n\n\t\t\t\t\t<div class=\"row\">\n\t\t\t\t\t\t<div class=\"col-xs-5 text-right\">\n\t\t\t\t\t\t\t<label><b>Feed & Fodder</b></label>\n\t\t\t\t\t\t</div>\n\t\t\t\t\t\t<div class=\"col-xs-7  value\">\n\t\t\t\t\t\t\t{{doc.feed_and_fodder}}\n\t\t\t\t\t\t</div>\n\t\t\t\t\t</div>\n\t        </div>\n\t        \n\t        <div class=\"col-xs-5 column-break\">\n\t           \n\t            <div class=\"row\">\n\t\t\t\t\t<div class=\"col-xs-5 text-right\">\n\t\t\t\t\t\t<label>Advance Outstanding</label>\n\t\t\t\t\t</div>\n\t\t\t\t\t<div class=\"col-xs-7  value\">\n\t\t\t\t\t\t{{doc.advance_outstanding}}\n\t\t\t\t\t</div>\n\t\t\t\t</div>\n\n\t\t\t\t<div class=\"row\">\n\t\t\t\t\t<div class=\"col-xs-5 text-right\">\n\t\t\t\t\t\t<label> Loan Outstanding</label>\n\t\t\t\t\t</div>\n\t\t\t\t\t<div class=\"col-xs-7  value\">\n\t\t\t\t\t\t{{doc.loan_outstanding}}\n\t\t\t\t\t</div>\n\t\t\t\t</div>\n\n\t\t\t\t<div class=\"row\">\n\t\t\t\t\t\t<div class=\"col-xs-5 text-right\">\n\t\t\t\t\t\t\t<label><b>Veterinary Services</b></label>\n\t\t\t\t\t\t</div>\n\t\t\t\t\t\t<div class=\"col-xs-7  value\">\n\t\t\t\t\t\t\t{{doc.veterinary_services}}\n\t\t\t\t\t\t</div>\n\t\t\t\t\t</div>\n\t        \n\t        </div>\n\t    </div>\n\t    <br>\n\t    <br>\n\t    <div style=\"border-top: double #d1d8dd; margin: 4px 0 4px 0\"></div>\n\t    <div class=\"row section-break\">\n\t    \t<div class=\"col-xs-4\"></div>\n\t    \t<div class=\"col-xs-4\"> <label><b>Net Pay</b></label></div>\n\t    \t<div class=\"col-xs-4\"> <label><b>{{doc.net_pay}}</b></label></div>\n\t    </div>\n\t    <br>\n\t    <div class=\"row section-break\">\n\t    \t<div class=\"col-xs-6\"><label><b>Farmer Signature</b></label></div>\n\t    \t<div class=\"col-xs-6\"><label><b>Agent Signature</b></label></div>\n\t    </div>\n\t</div>", 
 "idx": 0, 
 "line_breaks": 0, 
 "modified": "2018-10-03 20:02:31.876222", 
 "modified_by": "Administrator", 
 "module": "Dairy Erp", 
 "name": "Milk Collection Bill", 
 "owner": "Administrator", 
 "print_format_builder": 0, 
 "print_format_type": "Server", 
 "show_section_headings": 0, 
 "standard": "Yes"
}