{
 "align_labels_right": 0, 
 "creation": "2018-11-06 16:33:25.404772", 
 "custom_format": 1, 
 "disabled": 0, 
 "doc_type": "Farmer Payment Cycle Report", 
 "docstatus": 0, 
 "doctype": "Print Format", 
 "font": "Default", 
 "html": "<html>\n<body>\n\tMilk Bill Collection    \n\t&nbsp;&nbsp;&nbsp;&nbsp;&nbsp;&nbsp;&nbsp;&nbsp;&nbsp;&nbsp;&nbsp;&nbsp; \n\t<button type=\"button\">\n\t\t<a href=\"printintent:// \n\t\t\t%20%20%20Milk Bill Collection \\n\n\t\t\t%20%20%20%20%20{{doc.name}} \\n\n\t\t\t---------------------------------------\\n\n\t\t\tVlcc Name: {{ doc.vlcc_name }}\\n\n\t\t\t{% if (doc.address_display) -%}\n\t\t\t{% set vlcc_address = doc.address_display.replace('<br>', ', ') %}\n\t\t\tAddress: {{ vlcc_address }}\\n\n\t\t\t{%- endif %}\n\t\t\tMobile No: {{ doc.phone_no }}\\n\n\t\t\tDate: {{doc.date }}\\n\n\t\t\t---------------------------------------\\n\n\t\t\tFarmer ID: {{ doc.farmer_id }}\\n\n\t\t\tFamre Name: {{ doc.farmer_name }}\\n\n\t\t\tCattle Type: {{ doc.cattle_type }}\\n\n\t\t\tCollection From: {{doc.collection_from }}\\n\n\t\t\tCollection To: {{ doc.collection_to }}\\n\n\t\t\t---------------------------------------\\n\n\t\t\t{{ 'Dt'.rjust(5) }}%20\n\t\t\t{{ 'Sft'.rjust(3) }}%20 \n\t\t\t{{ 'Qty'.rjust(7) }}%20\n\t\t\t{{ 'Fat'.rjust(7) }}%20\n\t\t\t{{ 'Snf'.rjust(7) }}%20\n\t\t\t{{ 'Rate'.rjust(7) }}%20\\n\n\t\t\t{{ '-'.ljust(43, '-') }}\\n\n\t\t\t{% for row in doc.fmcr_details %}\n\t\t\t\t{% if (row.date) %}\n\t\t\t\t\t{% set f_date = row.date.split('-') %}\n\t\t\t\t\t{{ ((f_date[2]+'-'+f_date[1])|string).rjust(5) }}%20\n\t\t\t\t\t{{ (row.shift[0]|string).rjust(3) }}%20\n\t\t\t\t\t{{ (('%.2f'|format(row.litres))|string).rjust(7) }}%20\n\t\t\t\t\t{{ (('%.2f'|format(row.fat))|string).rjust(7) }}%20\n\t\t\t\t\t{{ ('%.2f'|format(row.snf)|string).rjust(7) }}%20\n\t\t\t\t\t{{ (('%.2f'|format(row.rate))|string).rjust(7) }}%20\\n\n\t\t\t\t{% else %}\n\t\t\t\t\t{{ ''.rjust(4) }}\n\t\t\t\t\t{{ 'Total: '.rjust(3) }}\n\t\t\t\t\t{{ (('%.2f'|format(row.litres))|string).rjust(7) }}\n\t\t\t\t\t{{ (('%.2f'|format(row.fat))|string).rjust(7) }}%20\n\t\t\t\t\t{{ (('%.2f'|format(row.snf))|string).rjust(7) }}%20\n\t\t\t\t\t{{ (('%.2f'|format(row.rate))|string).rjust(7) }}\\n\n\t\t\t\t{% endif %}\n\t\t\t{% endfor %}\n\t\t\t---------------------------------------\\n\n\t\t\tTotal Amount: {{ doc.total_amount }} \\n\n\t\t\tCommission: {{ doc.incentives }}\\n\n\t\t\tTotal Bill: {{ doc.total_bill }}\\n\n\t\t\t---------------------------------------\\n\n\t\t\tAdvance Emi: {{ doc.advance_emi }} \\n\n\t\t\tLoan Emi: {{ doc.loan_emi }} \\n\n\t\t\tFeed And Fodder: {{ doc.feed_and_fodder }} \\n\n\t\t\t---------------------------------------\\n\n\t\t\tAdvance Outstanding: {{ doc.advance_outstanding }} \\n\n\t\t\tLoan Outstanding: {{ doc.loan_outstanding }} \\n\n\t\t\t---------------------------------------\\n\n\t\t\tNet Pay: {{ doc.net_pay }} \\n\">\n\t\t\tPrint\n\t\t</a>\n\t</button><br>\n\t{{doc.name}}<br>\n\t--------------------------------<br>\n\tVlcc Name: {{ doc.vlcc_name }}<br>\n\t{% if (doc.address_display) -%}\n\t    Address: {% set vlcc_address = doc.address_display.replace('<br>', ', ') %}{{ vlcc_address }}<br>\n\t{%- endif %}\n\tMobile No: {{ doc.phone_no }}<br>\n\tDate: {{doc.date }}<br>\n\t--------------------------------<br>\n\tFarmer ID: {{ doc.farmer_id }} <br>\n\tFamre Name: {{ doc.farmer_name }} <br>\n\tCattle Type: {{ doc.cattle_type }} <br>\n\tCollection From: {{doc.collection_from }} <br>\n\tCollection To: {{ doc.collection_to }} <br>\n\t---------------------------------------<br>\n\tSr&nbsp;&nbsp;&nbsp;Date&nbsp;&nbsp;&nbsp;&nbsp;Shift&nbsp;&nbsp;&nbsp;Qty&nbsp;&nbsp;&nbsp;Fat&nbsp;&nbsp;&nbsp;Snf&nbsp;&nbsp;&nbsp;Rate&nbsp;&nbsp;&nbsp;Amt<br>\n\t{%- for row in doc.fmcr_details -%}\n\t\t{% if (row.date) -%}\n\t\t\t{{ row.idx }}&nbsp;\n\t\t\t{% set f_date = row.date.split('-') %}\n\t\t\t{{ f_date[2]+'-'+f_date[1]+'-'+f_date[0][2::] }}&nbsp;&nbsp;\n\t\t\t{{ row.shift[0] }}&nbsp;\n\t\t\t{{ row.litres }}&nbsp;&nbsp;&nbsp;\n\t\t\t{{ row.fat }}&nbsp;\n\t\t\t{{ row.snf }}&nbsp;\n\t\t\t{{ row.rate }}&nbsp;\n\t\t\t{{ row.amount }}&nbsp;<br>\n\t\t{% else -%}\n\t\t\t{{''}}&nbsp;\n\t\t\t{{ 'Total:' }}&nbsp;&nbsp;\n\t\t\t{{ '' }}&nbsp;\n\t\t\t{{ row.litres }}&nbsp;&nbsp;&nbsp;\n\t\t\t{{ row.fat }}&nbsp;\n\t\t\t{{ row.snf }}&nbsp;\n\t\t\t{{ row.rate }}&nbsp;\n\t\t\t{{ row.amount }}&nbsp;<br>\n\t\t{%- endif %}\n\t{%- endfor -%}\n\t---------------------------------------<br>\n\tTotal Amount: {{ doc.total_amount }} <br>\n\tCommission: {{ doc.incentives }}<br>\n\tTotal Bill: {{ doc.total_bill }}<br>\n\t---------------------------------------<br>\n\tAdvance Emi: {{ doc.advance_emi }} <br>\n\tLoan Emi: {{ doc.loan_emi }} <br>\n\tFeed And Fodder: {{ doc.feed_and_fodder }} <br>\n\t---------------------------------------<br>\n\tAdvance Outstanding: {{ doc.advance_outstanding }} <br>\n\tLoan Outstanding: {{ doc.loan_outstanding }} <br>\n\t---------------------------------------<br>\n\tNet Pay: {{ doc.net_pay }} <br>\n</body>\n</html>\t\t", 
 "idx": 0, 
 "line_breaks": 0, 
 "modified": "2018-11-13 19:08:33.980421", 
 "modified_by": "Administrator", 
 "module": "Dairy Erp", 
 "name": "POS Bill", 
 "owner": "Administrator", 
 "print_format_builder": 0, 
 "print_format_type": "Server", 
 "show_section_headings": 0, 
 "standard": "Yes"
}