[
 {
  "align_labels_right": 0, 
  "css": null, 
  "custom_format": 1, 
  "disabled": 0, 
  "doc_type": "Farmer Payment Cycle Report", 
  "docstatus": 0, 
  "doctype": "Print Format", 
  "font": "Default", 
  "format_data": null, 
  "html": "<html>\n<body>\n\tMilk Bill Collection    \n\t&nbsp;&nbsp;&nbsp;&nbsp;&nbsp;&nbsp;&nbsp;&nbsp;&nbsp;&nbsp;&nbsp;&nbsp; \n\t<button type=\"button\">\n\t\t<a href=\"printintent:// \n\t\t\t%20%20%20Milk Bill Collection \\n\n\t\t\t%20%20%20%20%20{{doc.name}} \\n\n\t\t\t---------------------------------------\\n\n\t\t\tVlcc Name: {{ doc.vlcc_name }}\\n\n\t\t\t{% if (doc.address_display) -%}\n\t\t\t{% set vlcc_address = doc.address_display.replace('<br>', ', ') %}\n\t\t\tAddress: {{ vlcc_address }}\\n\n\t\t\t{%- endif %}\n\t\t\tMobile No: {{ doc.phone_no }}\\n\n\t\t\tDate: {{doc.date }}\\n\n\t\t\t---------------------------------------\\n\n\t\t\tFarmer ID: {{ doc.farmer_id }}\\n\n\t\t\tFamre Name: {{ doc.farmer_name }}\\n\n\t\t\tCattle Type: {{ doc.cattle_type }}\\n\n\t\t\tCollection From: {{doc.collection_from }}\\n\n\t\t\tCollection To: {{ doc.collection_to }}\\n\n\t\t\t---------------------------------------\\n\n\t\t\t{{ 'Dt'.rjust(5) }}%20\n\t\t\t{{ 'Sft'.rjust(3) }}%20 \n\t\t\t{{ 'Qty'.rjust(7) }}%20\n\t\t\t{{ 'Fat'.rjust(7) }}%20\n\t\t\t{{ 'Snf'.rjust(7) }}%20\n\t\t\t{{ 'Rate'.rjust(7) }}%20\\n\n\t\t\t{{ '-'.ljust(43, '-') }}\\n\n\t\t\t{% for row in doc.fmcr_details %}\n\t\t\t\t{% if (row.date) %}\n\t\t\t\t\t{% set f_date = row.date.split('-') %}\n\t\t\t\t\t{{ ((f_date[2]+'-'+f_date[1])|string).rjust(5) }}%20\n\t\t\t\t\t{{ (row.shift[0]|string).rjust(3) }}%20\n\t\t\t\t\t{{ (('%.2f'|format(row.litres))|string).rjust(7) }}%20\n\t\t\t\t\t{{ (('%.2f'|format(row.fat))|string).rjust(7) }}%20\n\t\t\t\t\t{{ ('%.2f'|format(row.snf)|string).rjust(7) }}%20\n\t\t\t\t\t{{ (('%.2f'|format(row.rate))|string).rjust(7) }}%20\\n\n\t\t\t\t{% else %}\n\t\t\t\t\t{{ ''.rjust(4) }}\n\t\t\t\t\t{{ 'Total: '.rjust(3) }}\n\t\t\t\t\t{{ (('%.2f'|format(row.litres))|string).rjust(7) }}\n\t\t\t\t\t{{ (('%.2f'|format(row.fat))|string).rjust(7) }}%20\n\t\t\t\t\t{{ (('%.2f'|format(row.snf))|string).rjust(7) }}%20\n\t\t\t\t\t{{ (('%.2f'|format(row.rate))|string).rjust(7) }}\\n\n\t\t\t\t{% endif %}\n\t\t\t{% endfor %}\n\t\t\t---------------------------------------\\n\n\t\t\tTotal Amount: {{ doc.total_amount }} \\n\n\t\t\tCommission: {{ doc.incentives }}\\n\n\t\t\tTotal Bill: {{ doc.total_bill }}\\n\n\t\t\t---------------------------------------\\n\n\t\t\tAdvance Emi: {{ doc.advance_emi }} \\n\n\t\t\tLoan Emi: {{ doc.loan_emi }} \\n\n\t\t\tFeed And Fodder: {{ doc.feed_and_fodder }} \\n\n\t\t\t---------------------------------------\\n\n\t\t\tAdvance Outstanding: {{ doc.advance_outstanding }} \\n\n\t\t\tLoan Outstanding: {{ doc.loan_outstanding }} \\n\n\t\t\t---------------------------------------\\n\n\t\t\tNet Pay: {{ doc.net_pay }} \\n\">\n\t\t\tPrint\n\t\t</a>\n\t</button><br>\n\t{{doc.name}}<br>\n\t--------------------------------<br>\n\tVlcc Name: {{ doc.vlcc_name }}<br>\n\t{% if (doc.address_display) -%}\n\t    Address: {% set vlcc_address = doc.address_display.replace('<br>', ', ') %}{{ vlcc_address }}<br>\n\t{%- endif %}\n\tMobile No: {{ doc.phone_no }}<br>\n\tDate: {{doc.date }}<br>\n\t--------------------------------<br>\n\tFarmer ID: {{ doc.farmer_id }} <br>\n\tFamre Name: {{ doc.farmer_name }} <br>\n\tCattle Type: {{ doc.cattle_type }} <br>\n\tCollection From: {{doc.collection_from }} <br>\n\tCollection To: {{ doc.collection_to }} <br>\n\t---------------------------------------<br>\n\tSr&nbsp;&nbsp;&nbsp;Date&nbsp;&nbsp;&nbsp;&nbsp;Shift&nbsp;&nbsp;&nbsp;Qty&nbsp;&nbsp;&nbsp;Fat&nbsp;&nbsp;&nbsp;Snf&nbsp;&nbsp;&nbsp;Rate&nbsp;&nbsp;&nbsp;Amt<br>\n\t{%- for row in doc.fmcr_details -%}\n\t\t{% if (row.date) -%}\n\t\t\t{{ row.idx }}&nbsp;\n\t\t\t{% set f_date = row.date.split('-') %}\n\t\t\t{{ f_date[2]+'-'+f_date[1]+'-'+f_date[0][2::] }}&nbsp;&nbsp;\n\t\t\t{{ row.shift[0] }}&nbsp;\n\t\t\t{{ row.litres }}&nbsp;&nbsp;&nbsp;\n\t\t\t{{ row.fat }}&nbsp;\n\t\t\t{{ row.snf }}&nbsp;\n\t\t\t{{ row.rate }}&nbsp;\n\t\t\t{{ row.amount }}&nbsp;<br>\n\t\t{% else -%}\n\t\t\t{{''}}&nbsp;\n\t\t\t{{ 'Total:' }}&nbsp;&nbsp;\n\t\t\t{{ '' }}&nbsp;\n\t\t\t{{ row.litres }}&nbsp;&nbsp;&nbsp;\n\t\t\t{{ row.fat }}&nbsp;\n\t\t\t{{ row.snf }}&nbsp;\n\t\t\t{{ row.rate }}&nbsp;\n\t\t\t{{ row.amount }}&nbsp;<br>\n\t\t{%- endif %}\n\t{%- endfor -%}\n\t---------------------------------------<br>\n\tTotal Amount: {{ doc.total_amount }} <br>\n\tCommission: {{ doc.incentives }}<br>\n\tTotal Bill: {{ doc.total_bill }}<br>\n\t---------------------------------------<br>\n\tAdvance Emi: {{ doc.advance_emi }} <br>\n\tLoan Emi: {{ doc.loan_emi }} <br>\n\tFeed And Fodder: {{ doc.feed_and_fodder }} <br>\n\t---------------------------------------<br>\n\tAdvance Outstanding: {{ doc.advance_outstanding }} <br>\n\tLoan Outstanding: {{ doc.loan_outstanding }} <br>\n\t---------------------------------------<br>\n\tNet Pay: {{ doc.net_pay }} <br>\n</body>\n</html>\t\t", 
  "line_breaks": 0, 
  "modified": "2018-11-13 19:08:33.980421", 
  "module": "Dairy Erp", 
  "name": "POS Bill", 
  "print_format_builder": 0, 
  "print_format_type": "Server", 
  "show_section_headings": 0, 
  "standard": "Yes"
 }, 
 {
  "align_labels_right": 0, 
  "css": null, 
  "custom_format": 1, 
  "disabled": 0, 
  "doc_type": "VLCC Payment Cycle Report", 
  "docstatus": 0, 
  "doctype": "Print Format", 
  "font": "Default", 
  "format_data": null, 
  "html": "<div class=\"page-break\">\n    <div class=\"print-heading\">\n\t\t<h2>Dairy Milk Collection Bill<br>\n\t        <small>{{doc.name}}</small>\n        </h2>\n    </div>\n    <div class=\"row section-break\">\n        <div class=\"col-xs-6 column-break\">\n                <div class=\"row\">\n\t\t\t\t\t<div class=\"col-xs-5 text-right\">\n\t\t\t\t\t\t<label><b>Vlcc Name</b></label>\n\t\t\t\t\t</div>\n\t\t\t\t\t<div class=\"col-xs-7  value\">\n\t\t\t\t\t\t{{doc.vlcc_name}}\n\t\t\t\t\t</div>\n\t\t\t\t</div>\n\t\t\t\t{% if doc.address_display %}\n\t                <div class=\"row\">\n\t\t\t\t\t\t<div class=\"col-xs-5 text-right\">\n\t\t\t\t\t\t\t<label>Address</label>\n\t\t\t\t\t\t</div>\n\t\t\t\t\t\t<div class=\"col-xs-7  value\">\n\t\t\t\t\t\t\t{{doc.address_display}}\n\t\t\t\t\t\t</div>\n\t\t\t\t\t</div>\n\t\t\t\t{%- endif -%}\n\t\t\t\t{% if doc.phone_no %}\n\t                <div class=\"row\">\n\t\t\t\t\t\t<div class=\"col-xs-5 text-right\">\n\t\t\t\t\t\t\t<label>Mobile No</label>\n\t\t\t\t\t\t</div>\n\t\t\t\t\t\t<div class=\"col-xs-7  value\">\n\t\t\t\t\t\t\t{{doc.phone_no}}\n\t\t\t\t\t\t</div>\n\t\t\t\t\t</div>\n\t\t\t\t{%- endif -%}\n\t\t\t\t\t<div class=\"row\">\n\t\t\t\t\t\t<div class=\"col-xs-5 text-right\">\n\t\t\t\t\t\t\t<label>Date</label>\n\t\t\t\t\t\t</div>\n\t\t\t\t\t\t<div class=\"col-xs-7  value\">\n\t\t\t\t\t\t\t{{doc.date}}\n\t\t\t\t\t\t</div>\n\t\t\t\t\t</div>\n        </div>\n        \n        <div class=\"col-xs-6 column-break\">\n\t\t\t<div class=\"row\">\n\t\t\t\t<div class=\"col-xs-5 text-right\">\n\t\t\t\t\t<label>Cattle Type</label>\n\t\t\t\t</div>\n\t\t\t\t<div class=\"col-xs-7  value\">\n\t\t\t\t\t{{doc.cattle_type}}\n\t\t\t\t</div>\n\t\t\t</div>\n\t\t\t<div class=\"row\">\n\t\t\t\t<div class=\"col-xs-5 text-right\">\n\t\t\t\t\t<label>Collection From</label>\n\t\t\t\t</div>\n\t\t\t\t<div class=\"col-xs-7  value\">\n\t\t\t\t\t{{doc.collection_from}}\n\t\t\t\t</div>\n\t\t\t</div>\n\t\t\t<div class=\"row\">\n\t\t\t\t<div class=\"col-xs-5 text-right\">\n\t\t\t\t\t<label>Collection To</label>\n\t\t\t\t</div>\n\t\t\t\t<div class=\"col-xs-7  value\">\n\t\t\t\t\t{{doc.collection_to}}\n\t\t\t\t</div>\n\t\t\t</div>\n        </div>\n    </div>\n\t<table class=\"table table-bordered\">\n\t\t<tbody>\n\t\t\t<tr>\n\t\t\t\t<th>Sr</th>\n\t\t\t\t<th>Date</th>\n\t\t\t\t<th>Shift</th>\n\t\t\t\t<th class=\"text-right\">Litres</th>\n\t\t\t\t<th class=\"text-right\">Fat</th>\n\t\t\t\t<th class=\"text-right\">Snf</th>\n\t\t\t\t<th class=\"text-right\">Rate</th>\n\t\t\t\t<th class=\"text-right\">Amount</th>\n\t\t\t</tr>\n\t\t\t{%- for row in doc.vmcr_details -%}\n\t\t\t<tr>\n\t\t\t\t<td style=\"width: 3%;\">{{ row.idx }}</td>\n\t\t\t\t<td style=\"width: 20%;\">\n\t\t\t\t\t{{ row.date }}\n\t\t\t\t</td>\n\t\t\t\t<td style=\"width: 37%;\">\n\t\t\t\t\t<div style=\"border: 0px;\">{{ row.shift }}</div></td>\n\t\t\t\t<td style=\"width: 10%; text-align: right;\">{{ row.litres }} </td>\n\t\t\t\t<td style=\"width: 10%; text-align: right;\">{{ row.fat }} </td>\n\t\t\t\t<td style=\"width: 10%; text-align: right;\">{{ row.snf }} </td>\n\t\t\t\t<td style=\"width: 15%; text-align: right;\">{{\n\t\t\t\t\trow.get_formatted(\"rate\", doc) }}</td>\n\t\t\t\t<td style=\"width: 15%; text-align: right;\">{{\n\t\t\t\t\trow.get_formatted(\"amount\", doc) }}</td>\n\t\t\t</tr>\n\t\t\t{%- endfor -%}\n\t\t</tbody>\n\t</table>\n    <div class=\"row section-break\">\n        <div class=\"col-xs-6 column-break\">\n        </div>\n        <div class=\"col-xs-6 column-break\">\n                <div class=\"row\">\n\t\t\t\t\t<div class=\"col-xs-5 text-right\">\n\t\t\t\t\t\t<label>Total Amount</label>\n\t\t\t\t\t</div>\n\t\t\t\t\t<div class=\"col-xs-7 text-right value\">\n\t\t\t\t\t\t{{doc.total_amount}}\n\t\t\t\t\t</div>\n\t\t\t\t</div>\n                <div class=\"row\">\n\t\t\t\t\t<div class=\"col-xs-5 text-right\">\n\t\t\t\t\t\t<label>Commision</label>\n\t\t\t\t\t</div>\n\t\t\t\t\t<div class=\"col-xs-7 text-right value\">\n\t\t\t\t\t\t{{doc.incentives}}\n\t\t\t\t\t</div>\n\t\t\t\t</div>\n                <div class=\"row\">\n\t\t\t\t\t<div class=\"col-xs-5 text-right\">\n\t\t\t\t\t\t<label>Total Bill</label>\n\t\t\t\t\t</div>\n\t\t\t\t\t<div class=\"col-xs-7 text-right value\">\n\t\t\t\t\t\t{{doc.total_bill}}\n\t\t\t\t\t</div>\n\t\t\t\t</div>\n        </div>\n    </div>\n    <br>\n    <!-- <div class=\"row section-break\">\n    \t<div class=\"col-xs-6\">\n    \t\t<div class=\"row\">\n\t\t\t\t\t<div class=\"col-xs-5 text-right\">\n\t\t\t\t\t\t<label><b>Deductions:</b></label>\n\t\t\t\t\t</div>\n\t\t\t\t\t<div class=\"col-xs-7  value\">\n\t\t\t\t\t</div>\n\t\t\t\t</div>\t\n    \t</div>\n    </div> -->\n     <div class=\"row section-break\">\n        <div class=\"col-xs-2\"></div>\n        <div class=\"col-xs-5 column-break\">\n                \n                <div class=\"row\">\n\t\t\t\t\t<div class=\"col-xs-5 text-right\">\n\t\t\t\t\t\t<label><b>Advance EMI</b></label>\n\t\t\t\t\t</div>\n\t\t\t\t\t<div class=\"col-xs-7  value\">\n\t\t\t\t\t\t{{doc.advance_emi}}\n\t\t\t\t\t</div>\n\t\t\t\t</div>\n\n\t\t\t\t<div class=\"row\">\n\t\t\t\t\t<div class=\"col-xs-5 text-right\">\n\t\t\t\t\t\t<label><b>Loan EMIc</b></label>\n\t\t\t\t\t</div>\n\t\t\t\t\t<div class=\"col-xs-7  value\">\n\t\t\t\t\t\t{{doc.loan_emi}}\n\t\t\t\t\t</div>\n\t\t\t\t</div>\n\t\t\t\t<div class=\"row\">\n\t\t\t\t\t<div class=\"col-xs-5 text-right\">\n\t\t\t\t\t\t<label><b>Feed & Fodder</b></label>\n\t\t\t\t\t</div>\n\t\t\t\t\t<div class=\"col-xs-7  value\">\n\t\t\t\t\t\t{{doc.feed_and_fodder}}\n\t\t\t\t\t</div>\n\t\t\t\t</div>\n        </div>\n        \n        <div class=\"col-xs-5 column-break\">\n           \n            <div class=\"row\">\n\t\t\t\t<div class=\"col-xs-5 text-right\">\n\t\t\t\t\t<label>Advance Outstanding</label>\n\t\t\t\t</div>\n\t\t\t\t<div class=\"col-xs-7  value\">\n\t\t\t\t\t{{doc.advance_outstanding}}\n\t\t\t\t</div>\n\t\t\t</div>\n\n\t\t\t<div class=\"row\">\n\t\t\t\t<div class=\"col-xs-5 text-right\">\n\t\t\t\t\t<label> Loan Outstanding</label>\n\t\t\t\t</div>\n\t\t\t\t<div class=\"col-xs-7  value\">\n\t\t\t\t\t{{doc.loan_outstanding}}\n\t\t\t\t</div>\n\t\t\t</div>\n        \n        </div>\n    </div>\n    <br>\n    <br>\n    <div style=\"border-top: double #d1d8dd; margin: 4px 0 4px 0\"></div>\n    <div class=\"row section-break\">\n    \t<div class=\"col-xs-4\"></div>\n    \t<div class=\"col-xs-4\"> <label><b>Net Pay</b></label></div>\n    \t<div class=\"col-xs-4\"> <label><b>{{doc.net_pay}}</b></label></div>\n    </div>\n</div>", 
  "line_breaks": 0, 
  "modified": "2018-08-04 23:22:42.752907", 
  "module": "Dairy Erp", 
  "name": "Dairy Milk Collection Bill", 
  "print_format_builder": 0, 
  "print_format_type": "Server", 
  "show_section_headings": 0, 
  "standard": "Yes"
 }, 
 {
  "align_labels_right": 0, 
  "css": null, 
  "custom_format": 1, 
  "disabled": 0, 
  "doc_type": "Farmer Payment Cycle Report", 
  "docstatus": 0, 
  "doctype": "Print Format", 
  "font": "Default", 
  "format_data": null, 
  "html": "\n\t<div class=\"page-break\">\n\t    <div class=\"print-heading\">\n\t\t\t<h2>Milk Collection Bill<br>\n\t\t        <small>{{doc.name}}</small>\n\t        </h2>\n\t    </div>\n\t    <div class=\"row section-break\">\n\t        <div class=\"col-xs-6 column-break\">\n\t                <div class=\"row\">\n\t\t\t\t\t\t<div class=\"col-xs-5 text-right\">\n\t\t\t\t\t\t\t<label><b>Vlcc Name</b></label>\n\t\t\t\t\t\t</div>\n\t\t\t\t\t\t<div class=\"col-xs-7  value\">\n\t\t\t\t\t\t\t{{doc.vlcc_name}}\n\t\t\t\t\t\t</div>\n\t\t\t\t\t</div>\n\t\t\t\t\t{% if doc.address_display %}\n\t\t                <div class=\"row\">\n\t\t\t\t\t\t\t<div class=\"col-xs-5 text-right\">\n\t\t\t\t\t\t\t\t<label>Address</label>\n\t\t\t\t\t\t\t</div>\n\t\t\t\t\t\t\t<div class=\"col-xs-7  value\">\n\t\t\t\t\t\t\t\t{{doc.address_display}}\n\t\t\t\t\t\t\t</div>\n\t\t\t\t\t\t</div>\n\t\t\t\t\t{%- endif -%}\n\t\t\t\t\t{% if doc.cattle_type %}\n\t\t                <div class=\"row\">\n\t\t\t\t\t\t\t<div class=\"col-xs-5 text-right\">\n\t\t\t\t\t\t\t\t<label>Cattle Type</label>\n\t\t\t\t\t\t\t</div>\n\t\t\t\t\t\t\t<div class=\"col-xs-7  value\">\n\t\t\t\t\t\t\t\t{{doc.cattle_type}}\n\n\t\t\t\t\t\t\t</div>\n\t\t\t\t\t\t</div>\n\t\t\t\t\t{%- endif -%}\n\t\t\t\t\t\t<div class=\"row\">\n\t\t\t\t\t\t\t<div class=\"col-xs-5 text-right\">\n\t\t\t\t\t\t\t\t<label>Date</label>\n\t\t\t\t\t\t\t</div>\n\t\t\t\t\t\t\t<div class=\"col-xs-7  value\">\n\t\t\t\t\t\t\t\t<!-- {{doc.date}} -->\n\t\t\t\t\t\t\t\t<!-- created by shrikant 26-10-18 13:45 -->\n\t\t\t\t\t\t\t\t{{ \n\t\t\t\t\t\t\t\t\tfrappe.utils.get_datetime(doc.date).strftime('%d')[:2]+'-'+\n\t\t\t\t\t\t\t\t\tfrappe.utils.get_datetime(doc.date).strftime('%m')[:2]+'-'+\n\t\t\t\t\t\t\t\t\tfrappe.utils.get_datetime(doc.date).strftime('%Y')[2:] \n\t\t\t\t\t\t\t\t}}\n\t\t\t\t\t\t\t\t<!-- end -->\n\t\t\t\t\t\t\t</div>\n\t\t\t\t\t\t</div>\n\t        </div>\n\t        \n\t        <div class=\"col-xs-6 column-break\">\n\t            <div class=\"row\">\n\t\t\t\t\t<div class=\"col-xs-5 text-right\">\n\t\t\t\t\t\t<label>Farmer ID</label>\n\t\t\t\t\t</div>\n\t\t\t\t\t<div class=\"col-xs-7  value\">\n\t\t\t\t\t\t{{doc.farmer_id}}\n\t\t\t\t\t</div>\n\t\t\t\t</div>\n\t            <div class=\"row\">\n\t\t\t\t\t<div class=\"col-xs-5 text-right\">\n\t\t\t\t\t\t<label>Farmer Name</label>\n\t\t\t\t\t</div>\n\t\t\t\t\t<div class=\"col-xs-7  value\">\n\t\t\t\t\t\t{{doc.farmer_name}}\n\t\t\t\t\t</div>\n\t\t\t\t</div>\n\t\t\t\t<div class=\"row\">\n\t\t\t\t\t<div class=\"col-xs-5 text-right\">\n\t\t\t\t\t\t<label>Farmer Mobile No:</label>\n\t\t\t\t\t</div>\n\t\t\t\t\t<div class=\"col-xs-7  value\">\n\t\t\t\t\t\t{{doc.farmer_phone_no or \"\"}}\n\t\t\t\t\t</div>\n\t\t\t\t</div>\n\t\t\t\t<div class=\"row\">\n\t\t\t\t\t<div class=\"col-xs-5 text-right\">\n\t\t\t\t\t\t<label>Collection From</label>\n\t\t\t\t\t</div>\n\t\t\t\t\t<div class=\"col-xs-7  value\">\n\t\t\t\t\t\t<!-- {{doc.collection_from}} -->\n\t\t\t\t\t\t<!-- created by shrikant 26-10-18 13:45 -->\n\t\t\t\t\t\t{{ \n\t\t\t\t\t\t\tfrappe.utils.get_datetime(doc.collection_from).strftime('%d')[:2]+'-'+\n\t\t\t\t\t\t\tfrappe.utils.get_datetime(doc.collection_from).strftime('%m')[:2]+'-'+\n\t\t\t\t\t\t\tfrappe.utils.get_datetime(doc.collection_from).strftime('%Y')[2:] \n\t\t\t\t\t\t}}\n\t\t\t\t\t\t<!-- end -->\n\t\t\t\t\t</div>\n\t\t\t\t</div>\n\t\t\t\t<div class=\"row\">\n\t\t\t\t\t<div class=\"col-xs-5 text-right\">\n\t\t\t\t\t\t<label>Collection To</label>\n\t\t\t\t\t</div>\n\t\t\t\t\t<div class=\"col-xs-7  value\">\n\t\t\t\t\t\t<!-- {{doc.collection_to}} -->\n\t\t\t\t\t\t<!-- created by shrikant 26-10-18 13:45 -->\n\t\t\t\t\t\t{{ \n\t\t\t\t\t\t\tfrappe.utils.get_datetime(doc.collection_to).strftime('%d')[:2]+'-'+\n\t\t\t\t\t\t\tfrappe.utils.get_datetime(doc.collection_to).strftime('%m')[:2]+'-'+\n\t\t\t\t\t\t\tfrappe.utils.get_datetime(doc.collection_to).strftime('%Y')[2:] \n\t\t\t\t\t\t}}\n\t\t\t\t\t\t<!-- end -->\n\t\t\t\t\t</div>\n\t\t\t\t</div>\n\t        </div>\n\t    </div>\n\t\t<table class=\"table table-bordered\">\n\t\t\t<tbody>\n\t\t\t\t<tr>\n\t\t\t\t\t<th>Sr</th>\n\t\t\t\t\t<th>Date</th>\n\t\t\t\t\t<th>Shift</th>\n\t\t\t\t\t<th class=\"text-right\">Litres</th>\n\t\t\t\t\t<th class=\"text-right\">Fat</th>\n\t\t\t\t\t<th class=\"text-right\">Snf</th>\n\t\t\t\t\t<th class=\"text-right\">Rate</th>\n\t\t\t\t\t<th class=\"text-right\">Amount</th>\n\t\t\t\t</tr>\n\t\t\t\t{%- for row in doc.fmcr_details -%}\n\t\t\t\t\t{% if (row.date) -%}\n\t\t\t\t\t\t<tr>\n\t\t\t\t\t\t\t<td style=\"width: 3%;\">{{ row.idx }}</td>\n\t\t\t\t\t\t\t<td style=\"width: 20%;\">\n\t\t\t\t\t\t\t\t<!-- {{ row.date }} -->\n\t\t\t\t\t\t\t\t<!-- created by shrikant 26-10-18 13:45 -->\n\t\t\t\t\t\t\t\t{{ \n\t\t\t\t\t\t\t\t\tfrappe.utils.get_datetime(row.date).strftime('%d')[:2]+'-'+\n\t\t\t\t\t\t\t\t\tfrappe.utils.get_datetime(row.date).strftime('%m')[:2]+'-'+\n\t\t\t\t\t\t\t\t\tfrappe.utils.get_datetime(row.date).strftime('%Y')[2:] \n\t\t\t\t\t\t\t\t}}\t\t\t\t\t\t\n\t\t\t\t\t\t\t\t<!-- end -->\n\t\t\t\t\t\t\t</td>\n\t\t\t\t\t\t\t<td style=\"width: 37%;\">\n\t\t\t\t\t\t\t\t<div style=\"border: 0px;\">{{ row.shift }}</div></td>\n\t\t\t\t\t\t\t<td style=\"width: 10%; text-align: right;\">{{ row.litres }} </td>\n\t\t\t\t\t\t\t<td style=\"width: 10%; text-align: right;\">{{ row.fat }} </td>\n\t\t\t\t\t\t\t<td style=\"width: 10%; text-align: right;\">{{ row.snf }} </td>\n\t\t\t\t\t\t\t<td style=\"width: 15%; text-align: right;\">{{\n\t\t\t\t\t\t\t\trow.get_formatted(\"rate\", doc) }}</td>\n\t\t\t\t\t\t\t<td style=\"width: 15%; text-align: right;\">{{\n\t\t\t\t\t\t\t\trow.get_formatted(\"amount\", doc) }}</td>\n\t\t\t\t\t\t</tr>\n\t\t\t\t\t{% else -%}\n\t\t\t\t\t\t<tr>\n\t\t\t\t\t\t\t<td style=\"width: 3%;\"></td>\n\t\t\t\t\t\t\t<td style=\"width: 20%;\"></td>\n\t\t\t\t\t\t\t<td style=\"width: 37%;\">\n\t\t\t\t\t\t\t\t<div style=\"border: 0px;\">{{ row.shift }}</div></td>\n\t\t\t\t\t\t\t<td style=\"width: 10%; text-align: right;\">\n\t\t\t\t\t\t\t\t{{ '%.2f'|format(row.litres) }}\n\t\t\t\t\t\t\t</td>\n\t\t\t\t\t\t\t<td style=\"width: 10%; text-align: right;\">\n\t\t\t\t\t\t\t\t{{ '%.2f'|format(row.fat) }}\n\t\t\t\t\t\t\t</td>\n\t\t\t\t\t\t\t<td style=\"width: 10%; text-align: right;\">\n\t\t\t\t\t\t\t\t{{ '%.2f'|format(row.snf)  }} \n\t\t\t\t\t\t\t</td>\n\t\t\t\t\t\t\t<td style=\"width: 15%; text-align: right;\">\n\t\t\t\t\t\t\t\t{{ '%.2f'|format(row.rate) }}\n\t\t\t\t\t\t\t</td>\n\t\t\t\t\t\t\t<td style=\"width: 15%; text-align: right;\">\n\t\t\t\t\t\t\t\t{{ '%.2f'|format(row.amount) }}\n\t\t\t\t\t\t\t</td>\n\t\t\t\t\t\t</tr>\n\t\t\t\t\t{%- endif %}\n\t\t\t\t{%- endfor -%}\n\t\t\t</tbody>\n\t\t</table>\n\t    <div class=\"row section-break\">\n\t        <div class=\"col-xs-6 column-break\">\n\t        </div>\n\t        <div class=\"col-xs-6 column-break\">\n\t                <div class=\"row\">\n\t\t\t\t\t\t<div class=\"col-xs-5 text-right\">\n\t\t\t\t\t\t\t<label>Total Amount</label>\n\t\t\t\t\t\t</div>\n\t\t\t\t\t\t<div class=\"col-xs-7 text-right value\">\n\t\t\t\t\t\t\t{{doc.total_amount}}\n\t\t\t\t\t\t</div>\n\t\t\t\t\t</div>\n\t                <div class=\"row\">\n\t\t\t\t\t\t<div class=\"col-xs-5 text-right\">\n\t\t\t\t\t\t\t<label>Commision</label>\n\t\t\t\t\t\t</div>\n\t\t\t\t\t\t<div class=\"col-xs-7 text-right value\">\n\t\t\t\t\t\t\t{{doc.incentives}}\n\t\t\t\t\t\t</div>\n\t\t\t\t\t</div>\n\t                <div class=\"row\">\n\t\t\t\t\t\t<div class=\"col-xs-5 text-right\">\n\t\t\t\t\t\t\t<label>Total Bill</label>\n\t\t\t\t\t\t</div>\n\t\t\t\t\t\t<div class=\"col-xs-7 text-right value\">\n\t\t\t\t\t\t\t{{doc.total_bill}}\n\t\t\t\t\t\t</div>\n\t\t\t\t\t</div>\n\t        </div>\n\t    </div>\n\t    <br>\n\t    <!-- <div class=\"row section-break\">\n\t    \t<div class=\"col-xs-6\">\n\t    \t\t<div class=\"row\">\n\t\t\t\t\t\t<div class=\"col-xs-5 text-right\">\n\t\t\t\t\t\t\t<label><b>Deductions:</b></label>\n\t\t\t\t\t\t</div>\n\t\t\t\t\t\t<div class=\"col-xs-7  value\">\n\t\t\t\t\t\t</div>\n\t\t\t\t\t</div>\t\n\t    \t</div>\n\t    </div> -->\n\t     <div class=\"row section-break\">\n\t        <div class=\"col-xs-2\"></div>\n\t        <div class=\"col-xs-5 column-break\">\n\t                \n\t                <div class=\"row\">\n\t\t\t\t\t\t<div class=\"col-xs-5 text-right\">\n\t\t\t\t\t\t\t<label><b>Advance EMI</b></label>\n\t\t\t\t\t\t</div>\n\t\t\t\t\t\t<div class=\"col-xs-7  value\">\n\t\t\t\t\t\t\t{{doc.advance_emi}}\n\t\t\t\t\t\t</div>\n\t\t\t\t\t</div>\n\n\t\t\t\t\t<div class=\"row\">\n\t\t\t\t\t\t<div class=\"col-xs-5 text-right\">\n\t\t\t\t\t\t\t<label><b>Loan EMI</b></label>\n\t\t\t\t\t\t</div>\n\t\t\t\t\t\t<div class=\"col-xs-7  value\">\n\t\t\t\t\t\t\t{{doc.loan_emi}}\n\t\t\t\t\t\t</div>\n\t\t\t\t\t</div>\n\n\t\t\t\t\t<div class=\"row\">\n\t\t\t\t\t\t<div class=\"col-xs-5 text-right\">\n\t\t\t\t\t\t\t<label><b>Feed & Fodder</b></label>\n\t\t\t\t\t\t</div>\n\t\t\t\t\t\t<div class=\"col-xs-7  value\">\n\t\t\t\t\t\t\t{{doc.feed_and_fodder}}\n\t\t\t\t\t\t</div>\n\t\t\t\t\t</div>\n\t        </div>\n\t        \n\t        <div class=\"col-xs-5 column-break\">\n\t           \n\t            <div class=\"row\">\n\t\t\t\t\t<div class=\"col-xs-5 text-right\">\n\t\t\t\t\t\t<label>Advance Outstanding</label>\n\t\t\t\t\t</div>\n\t\t\t\t\t<div class=\"col-xs-7  value\">\n\t\t\t\t\t\t{{doc.advance_outstanding}}\n\t\t\t\t\t</div>\n\t\t\t\t</div>\n\n\t\t\t\t<div class=\"row\">\n\t\t\t\t\t<div class=\"col-xs-5 text-right\">\n\t\t\t\t\t\t<label> Loan Outstanding</label>\n\t\t\t\t\t</div>\n\t\t\t\t\t<div class=\"col-xs-7  value\">\n\t\t\t\t\t\t{{doc.loan_outstanding}}\n\t\t\t\t\t</div>\n\t\t\t\t</div>\n\n\t\t\t\t<div class=\"row\">\n\t\t\t\t\t\t<div class=\"col-xs-5 text-right\">\n\t\t\t\t\t\t\t<label><b>Veterinary Services</b></label>\n\t\t\t\t\t\t</div>\n\t\t\t\t\t\t<div class=\"col-xs-7  value\">\n\t\t\t\t\t\t\t{{doc.veterinary_services}}\n\t\t\t\t\t\t</div>\n\t\t\t\t\t</div>\n\t        \n\t        </div>\n\t    </div>\n\t    <br>\n\t    <br>\n\t    <div style=\"border-top: double #d1d8dd; margin: 4px 0 4px 0\"></div>\n\t    <div class=\"row section-break\">\n\t    \t<div class=\"col-xs-4\"></div>\n\t    \t<div class=\"col-xs-4\"> <label><b>Net Pay</b></label></div>\n\t    \t<div class=\"col-xs-4\"> <label><b>{{doc.net_pay}}</b></label></div>\n\t    </div>\n\t    <br>\n\t    <div class=\"row section-break\">\n\t    \t<div class=\"col-xs-6\"><label><b>Farmer Signature</b></label></div>\n\t    \t<div class=\"col-xs-6\"><label><b>Agent Signature</b></label></div>\n\t    </div>\n\t</div>", 
  "line_breaks": 0, 
  "modified": "2018-10-03 20:02:31.876222", 
  "module": "Dairy Erp", 
  "name": "Milk Collection Bill", 
  "print_format_builder": 0, 
  "print_format_type": "Server", 
  "show_section_headings": 0, 
  "standard": "Yes"
 }, 
 {
  "align_labels_right": 0, 
  "css": null, 
  "custom_format": 1, 
  "disabled": 0, 
  "doc_type": "Sales Invoice", 
  "docstatus": 0, 
  "doctype": "Print Format", 
  "font": null, 
  "format_data": null, 
  "html": "<style>\n\t.print-format table, .print-format tr, \n\t.print-format td, .print-format div, .print-format p {\n\t\tfont-family: Monospace;\n\t\tline-height: 200%;\n\t\tvertical-align: middle;\n\t}\n\t@media screen {\n\t\t.print-format {\n\t\t\twidth: 4in;\n\t\t\tpadding: 0.25in;\n\t\t\tmin-height: 8in;\n\t\t}\n\t}\n</style>\n\n<p class=\"text-center\">\n\t{{ doc.company }}<br>\n\t{{ doc.select_print_heading or _(\"Invoice\") }}<br>\n</p>\n<p>\n\t<b>{{ _(\"Receipt No\") }}:</b> {{ doc.name }}<br>\n\t<b>{{ _(\"Date\") }}:</b> {{ doc.get_formatted(\"posting_date\") }}<br>\n\t<b>{{ _(\"Customer\") }}:</b> {{ doc.customer_name }}\n</p>\n\n<hr>\n<table class=\"table table-condensed cart no-border\">\n\t<thead>\n\t\t<tr>\n\t\t\t<th width=\"50%\">{{ _(\"Item\") }}</b></th>\n\t\t\t<th width=\"25%\" class=\"text-right\">{{ _(\"Qty\") }}</th>\n\t\t\t<th width=\"25%\" class=\"text-right\">{{ _(\"Amount\") }}</th>\n\t\t</tr>\n\t</thead>\n\t<tbody>\n\t\t{%- for item in doc.items -%}\n\t\t<tr>\n\t\t\t<td>\n\t\t\t\t{{ item.item_code }}\n\t\t\t\t{%- if item.item_name != item.item_code -%}\n\t\t\t\t\t<br>{{ item.item_name }}{%- endif -%}\n\t\t\t</td>\n\t\t\t<td class=\"text-right\">{{ item.qty }}<br>@ {{ item.get_formatted(\"rate\") }}</td>\n\t\t\t<td class=\"text-right\">{{ item.get_formatted(\"amount\") }}</td>\n\t\t</tr>\n\t\t{%- endfor -%}\n\t</tbody>\n</table>\n<table class=\"table table-condensed no-border\">\n\t<tbody>\n\t\t<tr>\n\t\t\t<td class=\"text-right\" style=\"width: 70%\">\n\t\t\t\t{{ _(\"Net Total\") }}\n\t\t\t</td>\n\t\t\t<td class=\"text-right\">\n\t\t\t\t{{ doc.get_formatted(\"net_total\") }}\n\t\t\t</td>\n\t\t</tr>\n\t\t{%- for row in doc.taxes -%}\n\t\t{%- if not row.included_in_print_rate -%}\n\t\t<tr>\n\t\t\t<td class=\"text-right\" style=\"width: 70%\">\n\t\t\t\t{{ row.description }}\n\t\t\t</td>\n\t\t\t<td class=\"text-right\">\n\t\t\t\t{{ row.get_formatted(\"tax_amount\", doc) }}\n\t\t\t</td>\n\t\t</tr>\n\t\t{%- endif -%}\n\t\t{%- endfor -%}\n\t\t{%- if doc.discount_amount -%}\n\t\t<tr>\n\t\t\t<td class=\"text-right\" style=\"width: 75%\">\n\t\t\t\t{{ _(\"Discount\") }}\n\t\t\t</td>\n\t\t\t<td class=\"text-right\">\n\t\t\t\t{{ doc.get_formatted(\"discount_amount\") }}\n\t\t\t</td>\n\t\t</tr>\n\t\t{%- endif -%}\n\t\t<tr>\n\t\t\t<td class=\"text-right\" style=\"width: 75%\">\n\t\t\t\t<b>{{ _(\"Grand Total\") }}</b>\n\t\t\t</td>\n\t\t\t<td class=\"text-right\">\n\t\t\t\t{{ doc.get_formatted(\"grand_total\") }}\n\t\t\t</td>\n\t\t</tr>\n\t</tbody>\n</table>\n{% if doc.get(\"taxes\", filters={\"included_in_print_rate\": 1}) %}\n<hr>\n<p><b>Taxes Included:</b></p>\n<table class=\"table table-condensed no-border\">\n\t<tbody>\n\t\t{%- for row in doc.taxes -%}\n\t\t{%- if row.included_in_print_rate -%}\n\t\t<tr>\n\t\t\t<td class=\"text-right\" style=\"width: 70%\">\n\t\t\t\t{{ row.description }}\n\t\t\t</td>\n\t\t\t<td class=\"text-right\">\n\t\t\t\t{{ row.get_formatted(\"tax_amount_after_discount_amount\", doc) }}\n\t\t\t</td>\n\t\t<tr>\n\t\t{%- endif -%}\n\t\t{%- endfor -%}\n\t</tbody>\n</table>\n{%- endif -%}\n<hr>\n<p>{{ doc.terms or \"\" }}</p>\n<p class=\"text-center\">{{ _(\"Thank you, please visit again.\") }}</p>", 
  "line_breaks": 0, 
  "modified": "2015-04-21 05:06:29.380856", 
  "module": "Accounts", 
  "name": "POS Invoice", 
  "print_format_builder": 0, 
  "print_format_type": "Server", 
  "show_section_headings": 0, 
  "standard": "Yes"
 }, 
 {
  "align_labels_right": 0, 
  "css": null, 
  "custom_format": 1, 
  "disabled": 0, 
  "doc_type": "Journal Entry", 
  "docstatus": 0, 
  "doctype": "Print Format", 
  "font": null, 
  "format_data": null, 
  "html": "<div style=\"position: relative\">\n\n\t{%- from \"templates/print_formats/standard_macros.html\" import add_header -%}\n<div class=\"page-break\">\n    {%- if not doc.get(\"print_heading\") and not doc.get(\"select_print_heading\") \n        and doc.set(\"select_print_heading\", _(\"Payment Advice\")) -%}{%- endif -%}\n    {{ add_header(0, 1, doc, letter_head, no_letterhead) }}\n\n{%- for label, value in (\n        (_(\"Voucher Date\"), frappe.utils.formatdate(doc.voucher_date)),\n        (_(\"Reference / Cheque No.\"), doc.cheque_no),\n        (_(\"Reference / Cheque Date\"), frappe.utils.formatdate(doc.cheque_date))\n    ) -%}\n    <div class=\"row\">\n        <div class=\"col-xs-4\"><label class=\"text-right\">{{ label }}</label></div>\n        <div class=\"col-xs-8\">{{ value }}</div>\n    </div>\n{%- endfor -%}\n\t<hr>\n\t<p>{{ _(\"This amount is in full / part settlement of the listed bills\") }}:</p>\n{%- for label, value in (\n         (_(\"Amount\"), \"<strong>\" + doc.get_formatted(\"total_amount\") + \"</strong><br>\" + (doc.total_amount_in_words or \"\") + \"<br>\"),\n        (_(\"References\"), doc.remark)\n    ) -%}\n    <div class=\"row\">\n        <div class=\"col-xs-4\"><label class=\"text-right\">{{ label }}</label></div>\n        <div class=\"col-xs-8\">{{ value }}</div>\n    </div>\n    {%- endfor -%}\n    <hr>\n\t<div style=\"position: absolute; top: 14cm; left: 0cm;\">\n\t\tPrepared By</div>\n\t<div style=\"position: absolute; top: 14cm; left: 5.5cm;\">\n\t\tAuthorised Signatory</div>\n\t<div style=\"position: absolute; top: 14cm; left: 11cm;\">\n\t\tReceived Payment as Above</div>\n\t<div style=\"position: absolute; top: 16.4cm; left: 5.9cm;\">\n\t\t<strong>_____________</strong></div>\n\t<div style=\"position: absolute; top: 16.7cm; left: 6cm;\">\n\t\t<strong>A/C Payee</strong></div>\n\t<div style=\"position: absolute; top: 16.7cm; left: 5.9cm;\">\n\t\t<strong>_____________</strong></div>\n\t<div style=\"position: absolute; top: 16.9cm; left: 12cm;\">\n\t\t{{ frappe.utils.formatdate(doc.cheque_date) }}</div>\n\t<div style=\"position: absolute; top: 17.9cm; left: 1cm;\">\n\t\t{{ doc.pay_to_recd_from }}</div>\n\t<div style=\"position: absolute; top: 18.6cm; left: 1cm; width: 7cm;\">\n\t\t{{ doc.total_amount_in_words }}</div>\n\t<div style=\"position: absolute; top: 19.7cm; left: 12cm;\">\n\t\t{{ doc.get_formatted(\"total_amount\") }}</div>\n</div>", 
  "line_breaks": 0, 
  "modified": "2015-05-29 01:57:51.203850", 
  "module": "Accounts", 
  "name": "Cheque Printing Format", 
  "print_format_builder": 0, 
  "print_format_type": "Server", 
  "show_section_headings": 0, 
  "standard": "Yes"
 }, 
 {
  "align_labels_right": 0, 
  "css": null, 
  "custom_format": 0, 
  "disabled": 0, 
  "doc_type": "Journal Entry", 
  "docstatus": 0, 
  "doctype": "Print Format", 
  "font": null, 
  "format_data": null, 
  "html": "", 
  "line_breaks": 0, 
  "modified": "2015-11-25 07:06:00.668141", 
  "module": "Accounts", 
  "name": "Payment Receipt Voucher", 
  "print_format_builder": 0, 
  "print_format_type": "Server", 
  "show_section_headings": 0, 
  "standard": "Yes"
 }, 
 {
  "align_labels_right": 0, 
  "css": null, 
  "custom_format": 0, 
  "disabled": 0, 
  "doc_type": "Journal Entry", 
  "docstatus": 0, 
  "doctype": "Print Format", 
  "font": null, 
  "format_data": null, 
  "html": "{%- from \"templates/print_formats/standard_macros.html\" import add_header -%}\n\n<div class=\"page-break\">\n    {%- if not doc.get(\"print_heading\") and not doc.get(\"select_print_heading\") \n        and doc.set(\"select_print_heading\", _(\"Credit Note\")) -%}{%- endif -%}\n    {{ add_header(0, 1, doc, letter_head, no_letterhead) }}\n\n    {%- for label, value in (\n        (_(\"Credit To\"), doc.pay_to_recd_from),\n        (_(\"Date\"), frappe.utils.formatdate(doc.voucher_date)),\n        (_(\"Amount\"), \"<strong>\" + doc.get_formatted(\"total_amount\") + \"</strong><br>\" + (doc.total_amount_in_words or \"\") + \"<br>\"),\n        (_(\"Remarks\"), doc.remark)\n    ) -%}\n\n    <div class=\"row\">\n        <div class=\"col-xs-3\"><label class=\"text-right\">{{ label }}</label></div>\n        <div class=\"col-xs-9\">{{ value }}</div>\n    </div>\n\n    {%- endfor -%}\n\n    <hr>\n    <br>\n    <p class=\"strong\">\n        {{ _(\"For\") }} {{ doc.company }},<br>\n        <br>\n        <br>\n        <br>\n        {{ _(\"Authorized Signatory\") }}\n    </p>\n</div>\n\n\n", 
  "line_breaks": 0, 
  "modified": "2015-07-22 17:42:01.560817", 
  "module": "Accounts", 
  "name": "Credit Note", 
  "print_format_builder": 0, 
  "print_format_type": "Server", 
  "show_section_headings": 0, 
  "standard": "Yes"
 }, 
 {
  "align_labels_right": 0, 
  "css": null, 
  "custom_format": 1, 
  "disabled": 0, 
  "doc_type": "Offer Letter", 
  "docstatus": 0, 
  "doctype": "Print Format", 
  "font": null, 
  "format_data": null, 
  "html": "{% set terms_exist = doc.terms and (doc.terms|striptags).strip() or \"\" %}\n\n{% if letter_head and not no_letterhead -%}\n    <div class=\"letter-head\">{{ letter_head }}</div>\n    <hr>\n{%- endif %}\n\n<div {% if terms_exist -%} class=\"page-break\" {%- endif %}>\n<p>\n\n<!-- offer letter content starts here, <br> is used to create new lines -->\nDate: {{ doc.offer_date }}\n<br><br>\n\nDear {{ doc.applicant_name }}, \n\n<br><br>\n\nWe are pleased to appoint you in the services of {{ doc.company }} on the terms and conditions detailed in this letter.\n\n<br><br>\n\nYour designation shall be <b>{{ doc.designation }}</b>.\n\n<br><br>\n\n<!-- offer letter terms and description from the table -->\n\n{%- if doc.offer_terms -%}\n    {%- for row in doc.offer_terms -%}\n        <b>{{ row.offer_term }}:</b> {{ row.value }}\n\n        <br>\n    {%- endfor -%}\n{%- endif -%}\n\n<br>\n\n<!-- offer letter content continues -->\n\n\nPlease read the detailed terms as below. If you have any queries, feel free to get in touch with us.\nWe look forward to your long and fruitful career association with our organisation.\nIf you decide to join us, 'Welcome to {{ doc.company }} !'\n\n<br><br>\n\n<p class=\"strong\">\n\nYours truly,\n\n<br><br><br><br>\n\nAuthorized Signatory\n\n<br>\n\n{{ doc.company }}\n\n<!-- offer letter content ends here -->\n\n</p>\n</div>\n\n<!-- offer letter terms and conditions -->\n{% if terms_exist %}\n<div> {{ doc.terms }} </div>\n{% endif %}", 
  "line_breaks": 0, 
  "modified": "2015-12-04 11:46:28.897657", 
  "module": "HR", 
  "name": "Offer Letter", 
  "print_format_builder": 0, 
  "print_format_type": "Server", 
  "show_section_headings": 0, 
  "standard": "Yes"
 }, 
 {
  "align_labels_right": 0, 
  "css": null, 
  "custom_format": 1, 
  "disabled": 0, 
  "doc_type": "Purchase Order", 
  "docstatus": 0, 
  "doctype": "Print Format", 
  "font": "Default", 
  "format_data": null, 
  "html": "<div class=\"page-break\">\n    <div class=\"print-heading\">\n\t\t<h2>Purchase Order<br>\n\t        <small>{{doc.name}}</small>\n        </h2>\n    </div>\n    <div class=\"row section-break\">\n        <div class=\"col-xs-6 column-break\">\n                <div class=\"row\">\n\t\t\t\t\t<div class=\"col-xs-5 text-right\">\n\t\t\t\t\t\t<label>Supplier Name</label>\n\t\t\t\t\t</div>\n\t\t\t\t\t<div class=\"col-xs-7  value\">\n\t\t\t\t\t\t{{doc.supplier_name}}\n\t\t\t\t\t</div>\n\t\t\t\t</div>\n\t\t\t\t{% if doc.address_display %}\n\t                <div class=\"row\">\n\t\t\t\t\t\t<div class=\"col-xs-5 text-right\">\n\t\t\t\t\t\t\t<label>Address</label>\n\t\t\t\t\t\t</div>\n\t\t\t\t\t\t<div class=\"col-xs-7  value\">\n\t\t\t\t\t\t\t{{doc.address_display}}\n\t\t\t\t\t\t</div>\n\t\t\t\t\t</div>\n\t\t\t\t{%- endif -%}\n\t\t\t\t{% if doc.contact_display %}\n\t                <div class=\"row\">\n\t\t\t\t\t\t<div class=\"col-xs-5 text-right\">\n\t\t\t\t\t\t\t<label>Contact</label>\n\t\t\t\t\t\t</div>\n\t\t\t\t\t\t<div class=\"col-xs-7  value\">\n\t\t\t\t\t\t\t{{doc.contact_display}}\n\t\t\t\t\t\t</div>\n\t\t\t\t\t</div>\n\t\t\t\t{%- endif -%}\n\t\t\t\t{% if doc.contact_mobile %}\n\t                <div class=\"row\">\n\t\t\t\t\t\t<div class=\"col-xs-5 text-right\">\n\t\t\t\t\t\t\t<label>Mobile No</label>\n\t\t\t\t\t\t</div>\n\t\t\t\t\t\t<div class=\"col-xs-7  value\">\n\t\t\t\t\t\t\t{{doc.contact_mobile}}\n\t\t\t\t\t\t</div>\n\t\t\t\t\t</div>\n\t\t\t\t{%- endif -%}\n        </div>\n        \n        <div class=\"col-xs-6 column-break\">\n            <div class=\"row\">\n\t\t\t\t<div class=\"col-xs-5 text-right\">\n\t\t\t\t\t<label>Date</label>\n\t\t\t\t</div>\n\t\t\t\t<div class=\"col-xs-7  value\">\n\t\t\t\t\t{{doc.transaction_date}}\n\t\t\t\t</div>\n\t\t\t</div>\n            <div class=\"row\">\n\t\t\t\t<div class=\"col-xs-5 text-right\">\n\t\t\t\t\t<label>Customer Name</label>\n\t\t\t\t</div>\n\t\t\t\t<div class=\"col-xs-7  value\">\n\t\t\t\t\t{{doc.customer_name}}\n\t\t\t\t</div>\n\t\t\t</div>\n\t\t\t{% if doc.shipping_address_display %}\n\t            <div class=\"row\">\n\t\t\t\t\t<div class=\"col-xs-5 text-right\">\n\t\t\t\t\t\t<label>Customer Address</label>\n\t\t\t\t\t</div>\n\t\t\t\t\t<div class=\"col-xs-7  value\">\n\t\t\t\t\t\t{{doc.shipping_address_display}}\n\t\t\t\t\t</div>\n\t\t\t\t</div>\n\t\t\t{%- endif -%}\n\t\t\t{% if doc.customer_contact_display %}\n\t            <div class=\"row\">\n\t\t\t\t\t<div class=\"col-xs-5 text-right\">\n\t\t\t\t\t\t<label>Customer Contact</label>\n\t\t\t\t\t</div>\n\t\t\t\t\t<div class=\"col-xs-7  value\">\n\t\t\t\t\t\t{{doc.customer_contact_display}}\n\t\t\t\t\t</div>\n\t\t\t\t</div>\n\t\t\t{%- endif -%}\n\t\t\t{% if doc.customer_contact_mobile %}\n\t            <div class=\"row\">\n\t\t\t\t\t<div class=\"col-xs-5 text-right\">\n\t\t\t\t\t\t<label>Customer Mobile No</label>\n\t\t\t\t\t</div>\n\t\t\t\t\t<div class=\"col-xs-7  value\">\n\t\t\t\t\t\t{{doc.customer_contact_mobile}}\n\t\t\t\t\t</div>\n\t\t\t\t</div>\n\t\t\t{%- endif -%}\n        </div>\n    </div>\n\t<table class=\"table table-bordered\">\n\t\t<tbody>\n\t\t\t<tr>\n\t\t\t\t<th>Sr</th>\n\t\t\t\t<th>Item Name</th>\n\t\t\t\t<th>Description</th>\n\t\t\t\t<th class=\"text-right\">Qty</th>\n\t\t\t\t<th class=\"text-right\">Rate</th>\n\t\t\t\t<th class=\"text-right\">Amount</th>\n\t\t\t</tr>\n\t\t\t{%- for row in doc.items -%}\n\t\t\t<tr>\n\t\t\t\t<td style=\"width: 3%;\">{{ row.idx }}</td>\n\t\t\t\t<td style=\"width: 20%;\">\n\t\t\t\t\t{{ row.item_name }}\n\t\t\t\t\t{% if row.item_code != row.item_name -%}\n\t\t\t\t\t<br>Item Code: {{ row.item_code}}\n\t\t\t\t\t{%- endif %}\n\t\t\t\t</td>\n\t\t\t\t<td style=\"width: 37%;\">\n\t\t\t\t\t<div style=\"border: 0px;\">{{ row.description }}</div></td>\n\t\t\t\t<td style=\"width: 10%; text-align: right;\">{{ row.qty }} {{ row.uom or row.stock_uom }}</td>\n\t\t\t\t<td style=\"width: 15%; text-align: right;\">{{\n\t\t\t\t\trow.get_formatted(\"rate\", doc) }}</td>\n\t\t\t\t<td style=\"width: 15%; text-align: right;\">{{\n\t\t\t\t\trow.get_formatted(\"amount\", doc) }}</td>\n\t\t\t</tr>\n\t\t\t{%- endfor -%}\n\t\t</tbody>\n\t</table>\n    <div class=\"row section-break\">\n        <div class=\"col-xs-6 column-break\">\n        </div>\n        <div class=\"col-xs-6 column-break\">\n                <div class=\"row\">\n\t\t\t\t\t<div class=\"col-xs-5 text-right\">\n\t\t\t\t\t\t<label>Total</label>\n\t\t\t\t\t</div>\n\t\t\t\t\t<div class=\"col-xs-7 text-right value\">\n\t\t\t\t\t\t{{doc.total}}\n\t\t\t\t\t</div>\n\t\t\t\t</div>\n                <div class=\"row\">\n\t\t\t\t\t<div class=\"col-xs-5 text-right\">\n\t\t\t\t\t\t<label>Grand Total</label>\n\t\t\t\t\t</div>\n\t\t\t\t\t<div class=\"col-xs-7 text-right value\">\n\t\t\t\t\t\t{{doc.grand_total}}\n\t\t\t\t\t</div>\n\t\t\t\t</div>\n                <div class=\"row\">\n\t\t\t\t\t<div class=\"col-xs-5 text-right\">\n\t\t\t\t\t\t<label>In Words</label>\n\t\t\t\t\t</div>\n\t\t\t\t\t<div class=\"col-xs-7 text-right value\">\n\t\t\t\t\t\t{{doc.in_words}}\n\t\t\t\t\t</div>\n\t\t\t\t</div>\n        </div>\n    </div>\n</div>", 
  "line_breaks": 0, 
  "modified": "2016-03-07 20:49:39.443328", 
  "module": "Buying", 
  "name": "Drop Shipping Format", 
  "print_format_builder": 0, 
  "print_format_type": "Server", 
  "show_section_headings": 0, 
  "standard": "Yes"
 }, 
 {
  "align_labels_right": 0, 
  "css": null, 
  "custom_format": 1, 
  "disabled": 0, 
  "doc_type": "Sales Invoice", 
  "docstatus": 0, 
  "doctype": "Print Format", 
  "font": "Default", 
  "format_data": null, 
  "html": "<style>\n\t.print-format table, .print-format tr, \n\t.print-format td, .print-format div, .print-format p {\n\t\tfont-family: Monospace;\n\t\tline-height: 200%;\n\t\tvertical-align: middle;\n\t}\n\t@media screen {\n\t\t.print-format {\n\t\t\twidth: 4in;\n\t\t\tpadding: 0.25in;\n\t\t\tmin-height: 8in;\n\t\t}\n\t}\n</style>\n\n<p class=\"text-center\">\n\t{{ company }}<br>\n\t{{  __(\"POS No : \") }} {{ offline_pos_name }}<br>\n</p>\n<p>\n\t<b>{{ __(\"Customer\") }}:</b> {{ customer }}<br>\n</p>\n\n<p>\n\t<b>{{ __(\"Date\") }}:</b> {{ dateutil.global_date_format(posting_date) }}<br>\n</p>\n\n<hr>\n<table class=\"table table-condensed cart no-border\">\n\t<thead>\n\t\t<tr>\n\t\t\t<th width=\"50%\">{{ __(\"Item\") }}</b></th>\n\t\t\t<th width=\"25%\" class=\"text-right\">{{ __(\"Qty\") }}</th>\n\t\t\t<th width=\"25%\" class=\"text-right\">{{ __(\"Amount\") }}</th>\n\t\t</tr>\n\t</thead>\n\t<tbody>\n\t\t{% for item in items %}\n\t\t<tr>\n\t\t\t<td>\n\t\t\t\t{{ item.item_name }}\n\t\t\t</td>\n\t\t\t<td class=\"text-right\">{{ format_number(item.qty, null,precision(\"difference\")) }}<br>@ {{ format_currency(item.rate, currency) }}</td>\n\t\t\t<td class=\"text-right\">{{ format_currency(item.amount, currency) }}</td>\n\t\t</tr>\n\t\t{% endfor %}\n\t</tbody>\n</table>\n\n<table class=\"table table-condensed no-border\">\n\t<tbody>\n\t\t<tr>\n\t\t\t<td class=\"text-right\" style=\"width: 70%\">\n\t\t\t\t{{ __(\"Net Total\") }}\n\t\t\t</td>\n\t\t\t<td class=\"text-right\">\n\t\t\t\t{{ format_currency(total, currency) }}\n\t\t\t</td>\n\t\t</tr>\n\t\t{% for row in taxes %}\n\t\t{% if not row.included_in_print_rate %}\n\t\t<tr>\n\t\t\t<td class=\"text-right\" style=\"width: 70%\">\n\t\t\t\t{{ row.description }}\n\t\t\t</td>\n\t\t\t<td class=\"text-right\">\n\t\t\t\t{{ format_currency(row.tax_amount, currency) }}\n\t\t\t</td>\n\t\t</tr>\n\t\t{% endif %}\n\t\t{% endfor %}\n\t\t{% if discount_amount %}\n\t\t<tr>\n\t\t\t<td class=\"text-right\" style=\"width: 75%\">\n\t\t\t\t{{ __(\"Discount\") }}\n\t\t\t</td>\n\t\t\t<td class=\"text-right\">\n\t\t\t\t{{ format_currency(discount_amount, currency) }}\n\t\t\t</td>\n\t\t</tr>\n\t\t{% endif %}\n\t\t<tr>\n\t\t\t<td class=\"text-right\" style=\"width: 75%\">\n\t\t\t\t<b>{{ __(\"Grand Total\") }}</b>\n\t\t\t</td>\n\t\t\t<td class=\"text-right\">\n\t\t\t\t{{ format_currency(grand_total, currency) }}\n\t\t\t</td>\n\t\t</tr>\n\t\t<tr>\n\t\t\t<td class=\"text-right\" style=\"width: 75%\">\n\t\t\t\t<b>{{ __(\"Paid Amount\") }}</b>\n\t\t\t</td>\n\t\t\t<td class=\"text-right\">\n\t\t\t\t{{ format_currency(paid_amount, currency) }}\n\t\t\t</td>\n\t\t</tr>\n\t</tbody>\n</table>\n\n\n<hr>\n<p>{{ terms }}</p>\n<p class=\"text-center\">{{ __(\"Thank you, please visit again.\") }}</p>", 
  "line_breaks": 0, 
  "modified": "2017-09-14 14:36:04.740728", 
  "module": "Accounts", 
  "name": "Point of Sale", 
  "print_format_builder": 0, 
  "print_format_type": "Js", 
  "show_section_headings": 0, 
  "standard": "Yes"
 }, 
 {
  "align_labels_right": 0, 
  "css": null, 
  "custom_format": 0, 
  "disabled": 0, 
  "doc_type": "Salary Slip", 
  "docstatus": 0, 
  "doctype": "Print Format", 
  "font": "Default", 
  "format_data": "[{\"fieldname\": \"print_heading_template\", \"fieldtype\": \"HTML\", \"options\": \"   <h3 style=\\\"text-align: right;\\\"><span style=\\\"line-height: 1.42857;\\\">{{doc.name}}</span></h3>\\n<div>\\n    <hr style=\\\"text-align: center;\\\">\\n</div>   \"}, {\"fieldtype\": \"Section Break\"}, {\"fieldtype\": \"Column Break\"}, {\"print_hide\": 0, \"fieldname\": \"employee\"}, {\"print_hide\": 0, \"fieldname\": \"company\"}, {\"print_hide\": 0, \"fieldname\": \"employee_name\"}, {\"print_hide\": 0, \"fieldname\": \"department\"}, {\"print_hide\": 0, \"fieldname\": \"designation\"}, {\"print_hide\": 0, \"fieldname\": \"branch\"}, {\"fieldtype\": \"Column Break\"}, {\"print_hide\": 0, \"fieldname\": \"start_date\"}, {\"print_hide\": 0, \"fieldname\": \"end_date\"}, {\"print_hide\": 0, \"fieldname\": \"total_working_days\"}, {\"print_hide\": 0, \"fieldname\": \"leave_without_pay\"}, {\"print_hide\": 0, \"fieldname\": \"payment_days\"}, {\"fieldtype\": \"Section Break\"}, {\"fieldtype\": \"Column Break\"}, {\"visible_columns\": [{\"print_hide\": 0, \"fieldname\": \"salary_component\", \"print_width\": \"\"}, {\"print_hide\": 0, \"fieldname\": \"amount\", \"print_width\": \"\"}, {\"print_hide\": 0, \"fieldname\": \"depends_on_lwp\", \"print_width\": \"\"}], \"print_hide\": 0, \"fieldname\": \"earnings\"}, {\"fieldtype\": \"Column Break\"}, {\"visible_columns\": [{\"print_hide\": 0, \"fieldname\": \"salary_component\", \"print_width\": \"\"}, {\"print_hide\": 0, \"fieldname\": \"amount\", \"print_width\": \"\"}, {\"print_hide\": 0, \"fieldname\": \"depends_on_lwp\", \"print_width\": \"\"}], \"print_hide\": 0, \"fieldname\": \"deductions\"}, {\"fieldtype\": \"Section Break\"}, {\"fieldtype\": \"Column Break\"}, {\"fieldtype\": \"Column Break\"}, {\"print_hide\": 0, \"fieldname\": \"gross_pay\"}, {\"print_hide\": 0, \"fieldname\": \"total_deduction\"}, {\"print_hide\": 0, \"fieldname\": \"net_pay\"}, {\"print_hide\": 0, \"fieldname\": \"rounded_total\"}, {\"print_hide\": 0, \"fieldname\": \"total_in_words\"}]", 
  "html": null, 
  "line_breaks": 0, 
  "modified": "2016-08-22 00:21:42.600548", 
  "module": "HR", 
  "name": "Salary Slip Standard", 
  "print_format_builder": 1, 
  "print_format_type": "Server", 
  "show_section_headings": 0, 
  "standard": "Yes"
 }, 
 {
  "align_labels_right": 0, 
  "css": null, 
  "custom_format": 0, 
  "disabled": 0, 
  "doc_type": "Salary Slip", 
  "docstatus": 0, 
  "doctype": "Print Format", 
  "font": "Default", 
  "format_data": "[{\"fieldname\": \"print_heading_template\", \"fieldtype\": \"HTML\", \"options\": \"  <h3 style=\\\"text-align: right;\\\">{{doc.name}}</h3><div><hr></div>  \"}, {\"fieldtype\": \"Section Break\"}, {\"fieldtype\": \"Column Break\"}, {\"print_hide\": 0, \"fieldname\": \"employee\"}, {\"print_hide\": 0, \"fieldname\": \"employee_name\"}, {\"print_hide\": 0, \"fieldname\": \"department\"}, {\"print_hide\": 0, \"fieldname\": \"designation\"}, {\"print_hide\": 0, \"fieldname\": \"branch\"}, {\"fieldtype\": \"Column Break\"}, {\"print_hide\": 0, \"fieldname\": \"start_date\"}, {\"print_hide\": 0, \"fieldname\": \"end_date\"}, {\"print_hide\": 0, \"fieldname\": \"total_working_hours\"}, {\"print_hide\": 0, \"fieldname\": \"hour_rate\"}, {\"fieldtype\": \"Section Break\"}, {\"fieldtype\": \"Column Break\"}, {\"visible_columns\": [{\"print_hide\": 0, \"fieldname\": \"time_sheet\", \"print_width\": \"\"}, {\"print_hide\": 0, \"fieldname\": \"working_hours\", \"print_width\": \"\"}], \"print_hide\": 0, \"fieldname\": \"timesheets\"}, {\"fieldtype\": \"Column Break\"}, {\"fieldtype\": \"Section Break\"}, {\"fieldtype\": \"Column Break\"}, {\"visible_columns\": [{\"print_hide\": 0, \"fieldname\": \"salary_component\", \"print_width\": \"\"}, {\"print_hide\": 0, \"fieldname\": \"amount\", \"print_width\": \"\"}, {\"print_hide\": 0, \"fieldname\": \"depends_on_lwp\", \"print_width\": \"\"}], \"print_hide\": 0, \"fieldname\": \"earnings\"}, {\"fieldtype\": \"Column Break\"}, {\"visible_columns\": [{\"print_hide\": 0, \"fieldname\": \"salary_component\", \"print_width\": \"\"}, {\"print_hide\": 0, \"fieldname\": \"amount\", \"print_width\": \"\"}, {\"print_hide\": 0, \"fieldname\": \"depends_on_lwp\", \"print_width\": \"\"}], \"print_hide\": 0, \"fieldname\": \"deductions\"}, {\"fieldtype\": \"Section Break\"}, {\"fieldtype\": \"Column Break\"}, {\"fieldtype\": \"Column Break\"}, {\"print_hide\": 0, \"fieldname\": \"gross_pay\"}, {\"print_hide\": 0, \"fieldname\": \"total_deduction\"}, {\"print_hide\": 0, \"fieldname\": \"net_pay\"}, {\"print_hide\": 0, \"fieldname\": \"rounded_total\"}, {\"print_hide\": 0, \"fieldname\": \"total_in_words\"}]", 
  "html": null, 
  "line_breaks": 0, 
  "modified": "2016-08-21 21:02:59.896033", 
  "module": "HR", 
  "name": "Salary Slip based on Timesheet", 
  "print_format_builder": 1, 
  "print_format_type": "Server", 
  "show_section_headings": 0, 
  "standard": "Yes"
 }, 
 {
  "align_labels_right": 0, 
  "css": null, 
  "custom_format": 1, 
  "disabled": 0, 
  "doc_type": "Sample Collection", 
  "docstatus": 0, 
  "doctype": "Print Format", 
  "font": "Default", 
  "format_data": null, 
  "html": "<style>\n\t.print-format table, .print-format tr, \n\t.print-format td, .print-format div, .print-format p {\n\t\tfont-family: Monospace;\n\t\tline-height: 170%;\n\t\tvertical-align: middle;\n\t}\n\t@media screen {\n\t\t.print-format {\n\t\t\twidth: 6in;\n\t\t\tpadding: 0.25in;\n\t\t\tmin-height: 2in;\n\t\t}\n\t}\n</style>\n{% set column = 0 %}\n<table>\n{% for _ in range(0, doc.num_print) %}\n{% if column == 0 -%}<tr>{% endif %}\n\t<td style=\"width: 2in; height: 1.8in;\">{{doc.name}}<br>{{doc.patient}}<br>\n{% if doc.patient_age %}{{doc.patient_age}}, {% endif %} {% if doc.patient_sex %}{{doc.patient_sex}}{% endif %}<br> {% if doc.collected_time %}{{doc.collected_time}} {% endif %}<br>{% if doc.collected_by %} {{doc.collected_by}} {% endif %}</td>\n{% if column == 0 %}{% set column = column+1 %}\n{% elif column == 2%} </tr>{%- set column = 0 %}\n{% else %}{%- set column = column+1 -%}{%- endif %}\n\t\n{% endfor %}\n</table>", 
  "line_breaks": 0, 
  "modified": "2017-03-30 18:09:39.537609", 
  "module": "Healthcare", 
  "name": "Sample ID Print", 
  "print_format_builder": 0, 
  "print_format_type": "Server", 
  "show_section_headings": 0, 
  "standard": "Yes"
 }, 
 {
  "align_labels_right": 0, 
  "css": null, 
  "custom_format": 1, 
  "disabled": 0, 
  "doc_type": "Consultation", 
  "docstatus": 0, 
  "doctype": "Print Format", 
  "font": "Default", 
  "format_data": null, 
  "html": "<div >\n    {% if letter_head and not no_letterhead -%}\n    <div class=\"letter-head\">{{ letter_head }}</div>\n    <hr>\n    {% else %}\n    <div align=\"right\">\n      <h1>{{doc.name}}</h1>\n    </div>\n    {%- endif %}\n    <div class=\"row section-break\">\n        <div class=\"col-xs-6 column-break\">\n                {% if doc.appointment %}\n\t        <div class=\"row\">\n\t\t\t<div class=\"col-xs-4 text-left\">\n\t\t\t<label>Appointment</label>\n\t\t\t</div>\n\t\t\t<div class=\"col-xs-7  value\">\n\t\t\t<strong>: </strong>{{doc.appointment}}\n\t\t\t</div>\n\t\t</div>\n\t\t{%- endif -%}\n\n                <div class=\"row\">\n\t\t      <div class=\"col-xs-4 text-left\">\n\t\t\t <label>Patient</label>\n\t\t      </div>\n                     {% if doc.patient %}\n\t\t      <div class=\"col-xs-7  value\">\n\t\t\t  <strong>: </strong>{{doc.patient}}\n\t\t      </div>\n                     {% else %}\n                     <div class=\"col-xs-7  value\">\n\t\t\t <strong>: </strong><em>Patient Name</em>\n\t\t     </div>\n                     {%- endif -%}\n\t\t</div>\n\t        <div class=\"row\">\n\t\t\t<div class=\"col-xs-4 text-left\">\n\t\t\t\t<label>Age</label>\n\t\t\t</div>\n\t\t\t<div class=\"col-xs-7  value\">\n\t\t\t     <strong>: </strong> {{doc.patient_age}}\n\t\t\t</div>\n\t\t</div>\n\n                <div class=\"row\">\n                        <div class=\"col-xs-4 text-left\">\n\t\t\t\t<label>Gender</label>\n\t\t\t</div>\n\t\t\t<div class=\"col-xs-7  value\">\n\t\t\t     <strong>: </strong> {{doc.patient_sex}}\n\t\t\t</div>\n                </div>\n\n        </div>\n        <div class=\"col-xs-6 column-break\">\n\n          <div class=\"row\">\n\t      <div class=\"col-xs-4 text-left\">\n\t\t    <label>Doctor</label>\n\t      </div>\n              {% if doc.physician %}\n\t      <div class=\"col-xs-7  text-left value\">\n\t\t\t<strong>: </strong>{{doc.physician}}\n\t      </div>\n              {%- endif -%}\n\t</div>\n\n          {% if doc.consultation_date %}\n\t  <div class=\"row\">\n\t\t<div class=\"col-xs-4 text-left\">\n\t\t<label>Date</label>\n\t\t</div>\n\t\t<div class=\"col-xs-7 text-left value\">\n\t\t<strong>: </strong>{{doc.consultation_date}}\n\t\t</div>\n          </div>\n\t  {%- endif -%}\n          {% if doc.consultation_time %}\n\t  <div class=\"row\">\n\t\t<div class=\"col-xs-4 text-left\">\n\t\t<label>Time</label>\n\t\t</div>\n\t\t<div class=\"col-xs-7 text-left value\">\n\t\t<strong>: </strong>{{doc.consultation_time}}\n\t\t</div>\n          </div>\n\t  {%- endif -%}\n          {% if doc.visit_department %}\n\t  <div class=\"row\">\n\t\t<div class=\"col-xs-4 text-left\">\n\t\t<label>Department</label>\n\t\t</div>\n\t\t<div class=\"col-xs-7 text-left value\">\n\t\t<strong>: </strong>{{doc.visit_department}}\n\t\t</div>\n          </div>\n          {%- endif -%}\n        </div>\n\n   </div>\n\n</div>\n<div>\n     <hr>\n     {% if doc.symptoms_in_print%}\n       {% if doc.symptoms %}\n         Complaints:\n         <strong>{{doc.symptoms}}</strong>\n  \t   <br>\n       {%- endif -%}\n     {%- endif -%}\n\n     {% if doc.diagnosis_in_print%}\n       {% if doc.diagnosis %}\n  \t     Diagnosis:\n         <strong>{{doc.diagnosis}}</strong>\n         <br>\n       {%- endif -%}\n     {%- endif -%}\n\n</div>\n\n<div>\n      {% if doc.drug_prescription %}\n      <br>\n      Rx,\n      <table class=\"table\">\n        <tbody>\n            <!--<tr>\n                <th>Drug</th>\n                <th class=\"text-left\">Dosage</th>\n                <th class=\"text-left\">Period</th>\n                <th>Remark</th>\n            </tr>-->\n\n            {%- for row in doc.drug_prescription -%}\n            <tr>\n              <td style=\"width: 30%;border:none;\">\n                {%- if row.drug_name -%}<b>{{ row.drug_name }}</b>{%- endif -%}\n              </td>\n            \t<td style=\"width: 20%;text-align: left;border:none;\">\n                {%- if row.dosage -%}{{ row.dosage }}{%- endif -%}\n              </td>\n            \t<td style=\"width: 20%;text-align: left;border:none;\">\n                {%- if row.period -%}{{ row.period }}{%- endif -%}\n\t\t          </td>\n              <td style=\"width: 30%;text-align: left;border:none;\">\n\t\t\t             <div style=\"border: 0px;\">\n                      {%- if row.comment -%}{{ row.comment }}{%- endif -%}\n                   </div>\n\t\t           </td>\n            </tr>\n\t          {%- endfor -%}\n       </tbody>\n      </table>\n\n\n      {%- endif -%}\n</div>\n\n\n<div>\n      {% if doc.test_prescription %}\n      Investigations,\n      <table class=\"table\">\n        <tbody>\n            <!--<tr>\n                <th>Test</th>\n                <th>Remark</th>\n            </tr>-->\n\n            {%- for row in doc.test_prescription -%}\n            <tr>\n              <td style=\"width: 30%;border:none;\">\n                {%- if row.test_name -%}<b>{{ row.test_name }}</b>{%- endif -%}\n              </td>\n              <td style=\"width: 30%;text-align: left;border:none;\">\n\t\t\t           <div style=\"border: 0px;\">\n                   {%- if row.test_comment -%}{{ row.test_comment }}{%- endif -%}\n                 </div>\n\t\t          </td>\n             </tr>\n\n\t           {%- endfor -%}\n       </tbody>\n      </table>\n\n\n      {%- endif -%}\n</div>\n<div>\n    {% if doc.consultation_comment %}\n      <br>\n      {{doc.consultation_comment}}\n     {%- endif -%}\n</div>\n", 
  "line_breaks": 0, 
  "modified": "2017-05-15 16:36:06.034909", 
  "module": "Healthcare", 
  "name": "Consultation Print", 
  "print_format_builder": 0, 
  "print_format_type": "Server", 
  "show_section_headings": 0, 
  "standard": "Yes"
 }, 
 {
  "align_labels_right": 0, 
  "css": null, 
  "custom_format": 1, 
  "disabled": 0, 
  "doc_type": "Lab Test", 
  "docstatus": 0, 
  "doctype": "Print Format", 
  "font": "Default", 
  "format_data": null, 
  "html": "<div >\n  {% if letter_head and not no_letterhead -%}\n    <div class=\"letter-head\">{{ letter_head }}</div>\n    <hr>\n  {%- endif %}\n\n  {% if (doc.docstatus != 1) %}\n  <b>Lab Tests have to be Submitted for Print .. !</b>\n  {% elif (frappe.db.get_value(\"Healthcare Settings\", \"None\", \"require_test_result_approval\") == '1' and doc.approval_status != \"Approved\") %}\n  <b>Lab Tests have to be Approved for Print .. !</b>\n  {%- else -%}\n  <div class=\"row section-break\">\n    <div class=\"col-xs-6 column-break\">\n      {% if doc.invoice %}\n      <div class=\"row\">\n        <div class=\"col-xs-4 text-left\">\n          <label>Order No.</label>\n        </div>\n        <div class=\"col-xs-7  value\">\n          <strong>: </strong>{{doc.invoice}}\n        </div>\n      </div>\n      {%- endif -%}\n\n      <div class=\"row\">\n        <div class=\"col-xs-4 text-left\">\n          <label>Patient</label>\n        </div>\n        {% if doc.patient %}\n        <div class=\"col-xs-7  value\">\n          <strong>: </strong>{{doc.patient}}\n        </div>\n        {% else %}\n        <div class=\"col-xs-7  value\">\n          <strong>: </strong><em>Patient Name</em>\n        </div>\n        {%- endif -%}\n      </div>\n\n      <div class=\"row\">\n        <div class=\"col-xs-4 text-left\">\n          <label>Age</label>\n        </div>\n        <div class=\"col-xs-7  value\">\n          <strong>: </strong> {{doc.patient_age}}\n        </div>\n      </div>\n\n      <div class=\"row\">\n        <div class=\"col-xs-4 text-left\">\n          <label>Gender</label>\n        </div>\n        <div class=\"col-xs-7  value\">\n          <strong>: </strong> {{doc.patient_sex}}\n        </div>\n      </div>\n\n    </div>\n\n    <div class=\"col-xs-6 column-break\">\n\n      <div class=\"row\">\n        <div class=\"col-xs-4 text-left\">\n          <label>Doctor</label>\n        </div>\n        {% if doc.physician %}\n        <div class=\"col-xs-7  text-left value\">\n          <strong>: </strong>{{doc.physician}}\n        </div>\n        {%- endif -%}\n      </div>\n\n      {% if doc.sample_date %}\n      <div class=\"row\">\n        <div class=\"col-xs-4 text-left\">\n          <label>Sample Date</label>\n        </div>\n        <div class=\"col-xs-7 text-left value\">\n          <strong>: </strong>{{doc.sample_date}}\n        </div>\n      </div>\n      {%- endif -%}\n\n      {% if doc.result_date %}\n      <div class=\"row\">\n        <div class=\"col-xs-4 text-left\">\n          <label>Result Date</label>\n        </div>\n        <div class=\"col-xs-7 text-left value\">\n          <strong>: </strong>{{doc.result_date}}\n        </div>\n      </div>\n      {%- endif -%}\n\n    </div>\n\n  </div>\n\n  <div align=\"center\">\n    <hr><h4 class=\"text-uppercase\"><b><u>Department of {{doc.department}}</u></b></h4>\n  </div>\n\n  <table class=\"table\">\n    <tbody>\n      {%- if doc.normal_test_items -%}\n      <tr>\n        <th>Name of Test</th>\n        <th class=\"text-left\">Result</th>\n        <th class=\"text-right\">Normal Range</th>\n      </tr>\n\n      {%- if doc.normal_test_items|length > 1 %}\n      <tr><td style=\"width: 40%;\"> <b>{{ doc.test_name }}</b> </td><td></td></tr>\n      {%- endif -%}\n\n      {%- for row in doc.normal_test_items -%}\n      <tr>\n        <td style=\"width: 40%;border:none;\">\n          {%- if doc.normal_test_items|length > 1 %}&emsp;&emsp;{%- endif -%}\n          {%- if row.test_name -%}<b>{{ row.test_name }}</b>\n          {%- else -%}&emsp;&emsp;&emsp;{%- endif -%}\n          {%- if row.test_event -%} &emsp;&emsp;{{ row.test_event }}{%- endif -%}\n        </td>\n\n        <td style=\"width: 20%;text-align: left;border:none;\">\n          {%- if row.result_value -%}{{ row.result_value }}{%- endif -%}&emsp;\n          {%- if row.test_uom -%}{{ row.test_uom }}{%- endif -%}\n        </td>\n\n        <td style=\"width: 30%;text-align: right;border:none;\">\n          <div style=\"border: 0px;\">\n            {%- if row.normal_range -%}{{ row.normal_range }}{%- endif -%}\n          </div>\n        </td>\n      </tr>\n\n      {%- endfor -%}\n      {%- endif -%}\n    </tbody>\n  </table>\n\n  <table class=\"table\">\n    <tbody>\n      {%- if doc.special_test_items -%}\n      <tr>\n        <th>Name of Test</th>\n        <th class=\"text-left\">Result</th>\n      </tr>\n      <tr><td style=\"width: 30%;border:none;\"> <b>{{ doc.test_name }}</b> </td><td></td></tr>\n      {%- for row in doc.special_test_items -%}\n      <tr>\n        <td style=\"width: 30%;border:none;\"> &emsp;&emsp;{{ row.test_particulars }} </td>\n        <td style=\"width: 70%;text-align: left;border:none;\">\n          {%- if row.result_value -%}{{ row.result_value }}{%- endif -%}\n        </td>\n      </tr>\n\n      {%- endfor -%}\n      {%- endif -%}\n\n      {%- if doc.sensitivity_test_items -%}\n      <tr>\n        <th>Antibiotic</th>\n        <th class=\"text-left\">Sensitivity</th>\n      </tr>\n      {%- for row in doc.sensitivity_test_items -%}\n      <tr>\n        <td style=\"width: 30%;border:none;\"> {{ row.antibiotic }} </td>\n        <td style=\"width: 70%;text-align: left;border:none;\">{{ row.antibiotic_sensitivity }}</td>\n      </tr>\n\n      {%- endfor -%}\n      {%- endif -%}\n\n    </tbody>\n  </table>\n  {%- endif -%}\n\n  <div align=\"right\">\n    {%- if (frappe.db.get_value(\"Healthcare Settings\", \"None\", \"employee_name_and_designation_in_print\") == '1') -%}\n    <h6 class=\"text-uppercase\"><b>{{doc.employee_name}}</b></h6>\n    <h6 class=\"text-uppercase\"><b>{{doc.employee_designation}}</b></h6>\n    {%- else -%}\n    <h6 ><b>{{frappe.db.get_value(\"Healthcare Settings\", \"None\", \"custom_signature_in_print\") }}</b></h6>\n    {%- endif -%}\n  </div>\n</div>\n", 
  "line_breaks": 0, 
  "modified": "2017-04-27 12:11:58.342145", 
  "module": "Healthcare", 
  "name": "Lab Test Print", 
  "print_format_builder": 0, 
  "print_format_type": "Server", 
  "show_section_headings": 0, 
  "standard": "Yes"
 }, 
 {
  "align_labels_right": 0, 
  "css": null, 
  "custom_format": 0, 
  "disabled": 0, 
  "doc_type": "Sales Invoice", 
  "docstatus": 0, 
  "doctype": "Print Format", 
  "font": "Default", 
  "format_data": "[{\"fieldname\": \"print_heading_template\", \"fieldtype\": \"Custom HTML\", \"options\": \"<div class=\\\"print-heading\\\">\\n\\t<h2>\\n\\t\\tTAX INVOICE<br>\\n\\t\\t<small>{{ doc.name }}</small>\\n\\t</h2>\\n</div>\\n<h2 class=\\\"text-center\\\">\\n\\t{% if doc.invoice_copy -%}\\n\\t\\t<small>{{ doc.invoice_copy }}</small>\\n\\t{% endif -%}\\n</h2>\"}, {\"fieldtype\": \"Section Break\", \"label\": \"\"}, {\"fieldtype\": \"Column Break\"}, {\"print_hide\": 0, \"fieldname\": \"company\", \"label\": \"Company\"}, {\"print_hide\": 0, \"fieldname\": \"company_address_display\", \"label\": \"Company Address\"}, {\"fieldtype\": \"Column Break\"}, {\"print_hide\": 0, \"fieldname\": \"posting_date\", \"label\": \"Date\"}, {\"print_hide\": 0, \"fieldname\": \"due_date\", \"label\": \"Payment Due Date\"}, {\"print_hide\": 0, \"fieldname\": \"reverse_charge\", \"label\": \"Reverse Charge\"}, {\"fieldtype\": \"Section Break\", \"label\": \"\"}, {\"fieldtype\": \"Column Break\"}, {\"print_hide\": 0, \"label\": \"Custom HTML\", \"fieldname\": \"_custom_html\", \"options\": \"<hr>\", \"fieldtype\": \"HTML\"}, {\"fieldtype\": \"Section Break\", \"label\": \"Address\"}, {\"fieldtype\": \"Column Break\"}, {\"print_hide\": 0, \"fieldname\": \"customer_name\", \"label\": \"Customer Name\"}, {\"print_hide\": 0, \"fieldname\": \"address_display\", \"label\": \"Address\"}, {\"print_hide\": 0, \"fieldname\": \"contact_display\", \"label\": \"Contact\"}, {\"fieldtype\": \"Column Break\"}, {\"print_hide\": 0, \"fieldname\": \"shipping_address\", \"label\": \"Shipping Address\"}, {\"fieldtype\": \"Section Break\", \"label\": \"\"}, {\"fieldtype\": \"Column Break\"}, {\"visible_columns\": [{\"print_hide\": 0, \"fieldname\": \"item_code\", \"print_width\": \"\"}, {\"print_hide\": 0, \"fieldname\": \"description\", \"print_width\": \"200px\"}, {\"print_hide\": 0, \"fieldname\": \"gst_hsn_code\", \"print_width\": \"\"}, {\"print_hide\": 0, \"fieldname\": \"serial_no\", \"print_width\": \"\"}, {\"print_hide\": 0, \"fieldname\": \"qty\", \"print_width\": \"\"}, {\"print_hide\": 0, \"fieldname\": \"uom\", \"print_width\": \"\"}, {\"print_hide\": 0, \"fieldname\": \"rate\", \"print_width\": \"\"}, {\"print_hide\": 0, \"fieldname\": \"amount\", \"print_width\": \"\"}], \"print_hide\": 0, \"fieldname\": \"items\", \"label\": \"Items\"}, {\"fieldtype\": \"Section Break\", \"label\": \"\"}, {\"fieldtype\": \"Column Break\"}, {\"fieldtype\": \"Column Break\"}, {\"print_hide\": 0, \"fieldname\": \"total\", \"label\": \"Total\"}, {\"fieldtype\": \"Section Break\", \"label\": \"\"}, {\"fieldtype\": \"Column Break\"}, {\"visible_columns\": [{\"print_hide\": 0, \"fieldname\": \"description\", \"print_width\": \"300px\"}], \"print_hide\": 0, \"fieldname\": \"taxes\", \"label\": \"Sales Taxes and Charges\"}, {\"fieldtype\": \"Section Break\", \"label\": \"\"}, {\"fieldtype\": \"Column Break\"}, {\"fieldtype\": \"Column Break\"}, {\"print_hide\": 0, \"fieldname\": \"grand_total\", \"label\": \"Grand Total\"}, {\"print_hide\": 0, \"fieldname\": \"rounded_total\", \"label\": \"Rounded Total\"}, {\"print_hide\": 0, \"fieldname\": \"in_words\", \"label\": \"In Words\"}, {\"fieldtype\": \"Section Break\", \"label\": \"\"}, {\"fieldtype\": \"Column Break\"}, {\"print_hide\": 0, \"fieldname\": \"other_charges_calculation\", \"align\": \"left\", \"label\": \"Tax Breakup\"}, {\"fieldtype\": \"Section Break\", \"label\": \"Terms\"}, {\"fieldtype\": \"Column Break\"}, {\"print_hide\": 0, \"fieldname\": \"terms\", \"label\": \"Terms and Conditions Details\"}]", 
  "html": null, 
  "line_breaks": 0, 
  "modified": "2017-09-11 14:56:25.303797", 
  "module": "Regional", 
  "name": "GST Tax Invoice", 
  "print_format_builder": 1, 
  "print_format_type": "Server", 
  "show_section_headings": 0, 
  "standard": "Yes"
 }, 
 {
  "align_labels_right": 0, 
  "css": null, 
  "custom_format": 1, 
  "disabled": 0, 
  "doc_type": "Sales Invoice", 
  "docstatus": 0, 
  "doctype": "Print Format", 
  "font": "Default", 
  "format_data": null, 
  "html": "<style>\n\t.print-format table, .print-format tr, \n\t.print-format td, .print-format div, .print-format p {\n\t\tfont-family: Monospace;\n\t\tline-height: 200%;\n\t\tvertical-align: middle;\n\t}\n\t@media screen {\n\t\t.print-format {\n\t\t\twidth: 4in;\n\t\t\tpadding: 0.25in;\n\t\t\tmin-height: 8in;\n\t\t}\n\t}\n</style>\n\n<p class=\"text-center\">\n\t{{ doc.company }}<br>\n\t{% if doc.company_address_display %}\n\t\t{% set company_address = doc.company_address_display.replace(\"\\n\", \" \").replace(\"<br>\", \" \") %}\n\t\t{% if \"GSTIN\" not in company_address %}\n\t\t\t{{ company_address }}\n\t\t\t<b>{{ _(\"GSTIN\") }}:</b>{{ doc.company_gstin }}\n\t\t{% else %}\n\t\t\t{{ company_address.replace(\"GSTIN\", \"<br>GSTIN\") }}\n\t\t{% endif %}\n\t{% endif %}\n\t<br>\n\t<b>{{ doc.select_print_heading or _(\"Invoice\") }}</b><br>\n</p>\n<p>\n\t<b>{{ _(\"Receipt No\") }}:</b> {{ doc.name }}<br>\n\t<b>{{ _(\"Date\") }}:</b> {{ doc.get_formatted(\"posting_date\") }}<br>\n\t{% if doc.grand_total > 50000 %}\n\t\t{% set customer_address = doc.address_display.replace(\"\\n\", \" \").replace(\"<br>\", \" \") %}\n\t\t<b>{{ _(\"Customer\") }}:</b><br>\n\t\t{{ doc.customer_name }}<br>\n\t\t{{ customer_address }}\n\t{% endif %}\n</p>\n\n<hr>\n<table class=\"table table-condensed cart no-border\">\n\t<thead>\n\t\t<tr>\n\t\t\t<th width=\"40%\">{{ _(\"Item\") }}</b></th>\n\t\t\t<th width=\"30%\" class=\"text-right\">{{ _(\"Qty\") }}</th>\n\t\t\t<th width=\"30%\" class=\"text-right\">{{ _(\"Amount\") }}</th>\n\t\t</tr>\n\t</thead>\n\t<tbody>\n\t\t{%- for item in doc.items -%}\n\t\t<tr>\n\t\t\t<td>\n\t\t\t\t{{ item.item_code }}\n\t\t\t\t{%- if item.item_name != item.item_code -%}\n\t\t\t\t\t<br>{{ item.item_name }}\n\t\t\t\t{%- endif -%}\n\t\t\t\t{%- if item.gst_hsn_code -%}\n\t\t\t\t\t<br><b>{{ _(\"HSN/SAC\") }}:</b> {{ item.gst_hsn_code }}\n\t\t\t\t{%- endif -%}\n\t\t\t\t{%- if item.serial_no -%}\n\t\t\t\t\t<br><b>{{ _(\"Serial No\") }}:</b> {{ item.serial_no }}\n\t\t\t\t{%- endif -%}\n\t\t\t</td>\n\t\t\t<td class=\"text-right\">{{ item.qty }}<br>@ {{ item.rate }}</td>\n\t\t\t<td class=\"text-right\">{{ item.get_formatted(\"amount\") }}</td>\n\t\t</tr>\n\t\t{%- endfor -%}\n\t</tbody>\n</table>\n<table class=\"table table-condensed no-border\">\n\t<tbody>\n\t\t<tr>\n\t\t\t<td class=\"text-right\" style=\"width: 70%\">\n\t\t\t\t{{ _(\"Net Total\") }}\n\t\t\t</td>\n\t\t\t<td class=\"text-right\">\n\t\t\t\t{{ doc.get_formatted(\"net_total\") }}\n\t\t\t</td>\n\t\t</tr>\n\t\t{%- for row in doc.taxes -%}\n\t\t{%- if not row.included_in_print_rate -%}\n\t\t<tr>\n\t\t\t<td class=\"text-right\" style=\"width: 70%\">\n\t\t\t\t{{ row.description }}\n\t\t\t</td>\n\t\t\t<td class=\"text-right\">\n\t\t\t\t{{ row.get_formatted(\"tax_amount\", doc) }}\n\t\t\t</td>\n\t\t</tr>\n\t\t{%- endif -%}\n\t\t{%- endfor -%}\n\t\t{%- if doc.discount_amount -%}\n\t\t<tr>\n\t\t\t<td class=\"text-right\" style=\"width: 75%\">\n\t\t\t\t{{ _(\"Discount\") }}\n\t\t\t</td>\n\t\t\t<td class=\"text-right\">\n\t\t\t\t{{ doc.get_formatted(\"discount_amount\") }}\n\t\t\t</td>\n\t\t</tr>\n\t\t{%- endif -%}\n\t\t<tr>\n\t\t\t<td class=\"text-right\" style=\"width: 75%\">\n\t\t\t\t<b>{{ _(\"Grand Total\") }}</b>\n\t\t\t</td>\n\t\t\t<td class=\"text-right\">\n\t\t\t\t{{ doc.get_formatted(\"grand_total\") }}\n\t\t\t</td>\n\t\t</tr>\n\t</tbody>\n</table>\n<p><b>Tax Breakup:</b></p>\n<div style=\"font-size: 8px\">\n\t{{ doc.other_charges_calculation }}\n</div>\n<p>{{ doc.terms or \"\" }}</p>\n<p class=\"text-center\">{{ _(\"Thank you, please visit again.\") }}</p>", 
  "line_breaks": 0, 
  "modified": "2017-09-14 15:54:19.467642", 
  "module": "Accounts", 
  "name": "GST POS Invoice", 
  "print_format_builder": 0, 
  "print_format_type": "Server", 
  "show_section_headings": 0, 
  "standard": "Yes"
 }, 
 {
  "align_labels_right": 0, 
  "css": null, 
  "custom_format": 1, 
  "disabled": 0, 
  "doc_type": "Purchase Order", 
  "docstatus": 0, 
  "doctype": "Print Format", 
  "font": "Default", 
  "format_data": null, 
  "html": "{% set unique_mr = [] %}\n{% for item in doc.items %}\n\t{% if (item.material_request) not in unique_mr %}\n\t\t{% set unique_mr = unique_mr.append(item.material_request) %}\n\t{% endif %}\n{% endfor %}\n\n{%- if not doc.is_dropship -%}\n\t<b><small>*This is not a dropship order</small></b>\n{%- endif -%}\n{% for mr in  unique_mr %}\n\t<div class=\"print-heading\">\n\t\t<h2>Purchase Order</h2>\n\t</div>\n\t<div class=\"row section-break\"></div>\n\t{% set cust_address = [] %}\n\t{% set idx_ = {'idx': 0} %}\n\t{% for item in doc.items %}\n\t\t{% if (item.material_request == mr) %}\n\t\t\t{% if not cust_address %}\n\t\t\t\t<div class=\"row\">\n\t\t\t\t\t<div class=\"col-xs-3\">\n\t\t\t\t\t\t<label>Supplier Name</label>\n\t\t\t\t\t</div>\n\t\t\t\t\t<div class=\"col-xs-3\">\n\t\t\t\t\t\t{{ doc.supplier_name }}\n\t\t\t\t\t</div>\n\t\t\t\t\t<div class=\"col-xs-3\">\n\t\t\t\t\t\t<label>Date</label>\n\t\t\t\t\t</div>\n\t\t\t\t\t<div class=\"col-xs-3\">\n\t\t\t\t\t\t{{ doc.transaction_date }}\n\t\t\t\t\t</div>\n\t\t\t\t</div>\n\t\t\t\t<div class=\"row\">\n\t\t\t\t\t<div class=\"col-xs-3\">\n\t\t\t\t\t\t<label>Supplier Address</label>\n\t\t\t\t\t</div>\n\t\t\t\t\t<div class=\"col-xs-3\">\n\t\t\t\t\t\t{{ doc.address_display or \"\" }}\n\t\t\t\t\t</div>\n\t\t\t\t\t<div class=\"col-xs-3\">\n\t\t\t\t\t\t<label>Material Reuest</label>\n\t\t\t\t\t</div>\n\t\t\t\t\t<div class=\"col-xs-3\">\n\t\t\t\t\t\t{{ item.material_request or \"\"}}\n\t\t\t\t\t</div>\n\t\t\t\t</div>\n\t\t\t\t<div class=\"row\">\n\t\t\t\t\t<div class=\"col-xs-6\"></div>\n\t\t\t\t\t<div class=\"col-xs-3\">\n\t\t\t\t\t\t<label>Customer</label>\n\t\t\t\t\t</div>\n\t\t\t\t\t<div class=\"col-xs-3\">\n\t\t\t\t\t\t{{ item.customer or \"\" }}\n\t\t\t\t\t</div>\n\t\t\t\t</div>\n\t\t\t\t<div class=\"row\">\n\t\t\t\t\t<div class=\"col-xs-6\"></div>\n\t\t\t\t\t<div class=\"col-xs-3\">\n\t\t\t\t\t\t<label>Customer Address</label>\n\t\t\t\t\t</div>\n\t\t\t\t\t<div class=\"col-xs-3\">\n\t\t\t\t\t\t{{ item.address or \"\" }}\n\t\t\t\t\t</div>\n\t\t\t\t</div><br><br>\n\t\t\t\t<table class=\"table table-bordered\">\n\t\t\t\t\t<thead>\t\n\t\t\t\t\t\t<tr>\n\t\t\t\t\t\t\t<th style=\"width: 5px\">Sr.No.</th>\n\t\t\t\t\t\t\t<th>Item Name</th>\n\t\t\t\t\t\t\t<th>Qty</th>\n\t\t\t\t\t\t\t<th>Amount</th>\n\t\t\t\t\t\t</tr>\n\t\t\t\t\t</thead>\n\t\t\t\t\t<tbody>\n\t\t\t\t{% set cust_address = cust_address.append(1) %}\n\t\t\t{% endif %}\n\t\t\t{% if idx_.update({'idx': idx_.idx + 1}) %} {% endif %}\n\t\t\t<tr>\n\t\t\t\t<td>{{ idx_.idx }}</td>\n\t\t\t\t<td>{{ item.item_code }}</td>\n\t\t\t\t<td>{{ item.qty }}</td>\n\t\t\t\t<td>{{ item.amount }}</td>\n\t\t\t</tr>\n\t\t{% endif %}\n\t\t</tbody>\n\t{% endfor %}\n\t</table>\n\t<div class=\"page-break\"></div>\n{% endfor %}\n\n", 
  "line_breaks": 0, 
  "modified": "2018-09-11 20:02:02.760671", 
  "module": "Dairy Erp", 
  "name": "Direct Delivery Note", 
  "print_format_builder": 0, 
  "print_format_type": "Server", 
  "show_section_headings": 0, 
  "standard": "No"
 }, 
 {
  "align_labels_right": 0, 
  "css": null, 
  "custom_format": 1, 
  "disabled": 1, 
  "doc_type": "Purchase Order", 
  "docstatus": 0, 
  "doctype": "Print Format", 
  "font": "Default", 
  "format_data": null, 
  "html": "<div class=\"page-break\">\n    <div class=\"print-heading\">\n\t\t<h2>Purchase Order</h2>\n\t\t{%- if not doc.is_dropship -%}\n\t\t\t<b><small style=\"color: red\">*This is not a dropship order</small></b>\n\t\t{%- endif -%}\n    </div>\n    <div class=\"row section-break\">\n        <div class=\"col-xs-6 column-break\">\n                <div class=\"row\">\n\t\t\t\t\t<div class=\"col-xs-5 text-right\">\n\t\t\t\t\t\t<label>Supplier Name</label>\n\t\t\t\t\t</div>\n\t\t\t\t\t<div class=\"col-xs-7  value\">\n\t\t\t\t\t\t{{doc.supplier_name}}\n\t\t\t\t\t</div>\n\t\t\t\t</div>\t\t\n        </div>\n        \n        <div class=\"col-xs-6 column-break\">\n            <div class=\"row\">\n\t\t\t\t<div class=\"col-xs-5 text-right\">\n\t\t\t\t\t<label>Date</label>\n\t\t\t\t</div>\n\t\t\t\t<div class=\"col-xs-7  value\">\n\t\t\t\t\t{{frappe.utils.formatdate(doc.transaction_date)}}\n\t\t\t\t</div>\n\t\t\t</div>\n           \n        </div>\n    </div>\n\t<table class=\"table table-bordered\">\n\t\t<thead>\t\n\t\t\t<tr>\n\t\t\t\t<th  style=\"width: 3%; text-align: center;\">Reference No.</th>\n\t\t\t\t<th  style=\"width: 3%; text-align: center;\">Customer Name</th>\n\t\t\t\t<th  style=\"width: 3%; text-align: center;\">Customer Address</th>\n\t\t\t\t<th  style=\"width: 3%; text-align: center;\">Item Name</th>\n\t\t\t\t<th class=\"text-right\">Qty</th>\n\t\t\t</tr>\n\t\t</thead>\n\t\t<tbody>\n\t\t\t{%- for row in doc.items -%}\n\t\t\t<tr>\n\t\t\t\t{% if row.material_request -%}\n\t\t\t\t\t<td style=\"width: 3%; text-align: center;\">{{ row.material_request or \"\" }}</td>\n\t\t\t\t\t<td style=\"width: 3%; text-align: center;\">{{ row.customer or \"\" }}</td>\n\t\t\t\t\t<td style=\"width: 3%;\">{{ row.address or \"\" }}</td>\n\t\t\t\t{%- endif %}\n\t\t\t\t<td style=\"width: 5%;text-align: center;\">\n\t\t\t\t\t{{ row.item_name }}\n\t\t\t\t</td>\n\t\t\t\t<td style=\"width: 5%; text-align: right;\">{{ row.qty }} {{ row.uom or row.stock_uom }}</td>\n\t\t\t</tr>\n\t\t\t{% if row.page_break -%}\n\t\t</tbody>\n\t</table>\n\t<div class=\"page-break\"></div>\n\t <div class=\"print-heading\">\n\t\t<h2>Purchase Order</h2>\n    </div>\n     <div class=\"row section-break\">\n        <div class=\"col-xs-6 column-break\">\n                <div class=\"row\">\n\t\t\t\t\t<div class=\"col-xs-5 text-right\">\n\t\t\t\t\t\t<label>Supplier Name</label>\n\t\t\t\t\t</div>\n\t\t\t\t\t<div class=\"col-xs-7  value\">\n\t\t\t\t\t\t{{doc.supplier_name}}\n\t\t\t\t\t</div>\n\t\t\t\t</div>\t\t\n        </div>\n        \n        <div class=\"col-xs-6 column-break\">\n            <div class=\"row\">\n\t\t\t\t<div class=\"col-xs-5 text-right\">\n\t\t\t\t\t<label>Date</label>\n\t\t\t\t</div>\n\t\t\t\t<div class=\"col-xs-7  value\">\n\t\t\t\t\t{{frappe.utils.formatdate(doc.transaction_date)}}\n\t\t\t\t</div>\n\t\t\t</div>\n           \n        </div>\n    </div>\n\t<table class=\"table table-bordered\">\n\t\t<thead>\t\n\t\t\t\t<tr>\n\t\t\t\t\t<th  style=\"width: 3%; text-align: center;\">Reference No.</th>\n\t\t\t\t\t<th  style=\"width: 3%; text-align: center;\">Customer Name</th>\n\t\t\t\t\t<th  style=\"width: 3%; text-align: center;\">Customer Address</th>\n\t\t\t\t\t<th  style=\"width: 3%; text-align: center;\">Item Name</th>\n\t\t\t\t\t<th class=\"text-right\">Qty</th>\n\t\t\t\t</tr>\n\t\t</thead>\n\t\t<tbody>\n\t\t\t{%- endif %}\n\n\n\t\t\t{%- endfor -%}\n\t\t</tbody>\n\t\t\t</table>\n</div>", 
  "line_breaks": 0, 
  "modified": "2018-02-19 12:27:10.439341", 
  "module": "Buying", 
  "name": "Test", 
  "print_format_builder": 0, 
  "print_format_type": "Server", 
  "show_section_headings": 0, 
  "standard": "No"
 }, 
 {
  "align_labels_right": 0, 
  "css": null, 
  "custom_format": 1, 
  "disabled": 0, 
  "doc_type": "Stock Ledger Entry", 
  "docstatus": 0, 
  "doctype": "Print Format", 
  "font": "Default", 
  "format_data": null, 
  "html": "<div class=\"container-fluid\">\n\t<div class=\"row\">\n\t\t<div class=\"col-xs-4\"></div>\n\t\t<div class=\"col-xs-3\"></div>\n\t\t<div class=\"col-xs-5\"><h2><b style=\"margin-left: 10px;\">STOCK LEDGER ENTRY</b><h2></div>\n\t</div>\n\t<div class=\"row\">\n\t\t<div class=\"col-xs-6\"></div>\n\t\t<div class=\"col-xs-4\"></div>\n\t\t<div class=\"col-xs-1\"><small><font size=\"3px;\" style=\"margin-left: -23px;\">{{doc.name}}</small></div>\n\t</div>\n<hr>\n\t<div class=\"row\">\n\t\t<div class=\"col-xs-5\"><b>Item Code</b></div><div class=\"col-xs-7\">{{doc.item_code}}</div>\n\t</div><br>\n  \t<div class=\"row\">\n\t\t<div class=\"col-xs-5\"><b>Warehouse</b></div><div class=\"col-xs-7\">{{doc.warehouse}}</div>\n\t</div><br>\n\t<div class=\"row\">\n\t\t<div class=\"col-xs-5\"><b>Posting Date</b></div><div class=\"col-xs-7\">{{doc.posting_date}}</div>\n\t</div><br>\n\t<div class=\"row\">\n\t\t<div class=\"col-xs-5\"><b>Posting Time</b></div><div class=\"col-xs-7\">{{doc.posting_time}}</div>\n\t</div><br>\n\t<div class=\"row\">\n\t\t<div class=\"col-xs-5\"><b>Voucher Type</b></div><div class=\"col-xs-7\">{{doc.voucher_type}}</div>\n\t</div><br>\n\t<div class=\"row\">\n\t\t<div class=\"col-xs-5\"><b>Voucher No</b></div><div class=\"col-xs-7\">{{doc.voucher_no}}</div>\n\t</div><br>\n\t<div class=\"row\">\n\t\t<div class=\"col-xs-5\"><b>Voucher Detail No</b></div><div class=\"col-xs-7\">{{doc.voucher_detail_no}}</div>\n\t</div><br>\n\t<div class=\"row\">\n\t\t<div class=\"col-xs-5\"><b>Actual Quantity</b></div><div class=\"col-xs-7\">{{doc.actual_qty}}</div>\n\t</div><br>\n\t<div class=\"row\">\n\t\t<div class=\"col-xs-5\"><b>Incoming Rate</b></div><div class=\"col-xs-7\">{{doc.get_formatted(\"incoming_rate\")}}</div>\n\t</div><br>\n\t<div class=\"row\">\n\t\t<div class=\"col-xs-5\"><b>Outgoing Rate</b></div><div class=\"col-xs-7\">{{doc.get_formatted(\"outgoing_rate\")}}</div>\n\t</div><br>\n\t<div class=\"row\">\n\t\t<div class=\"col-xs-5\"><b>Stock UOM</b></div><div class=\"col-xs-7\">{{doc.stock_uom}}</div>\n\t</div><br>\n\t<div class=\"row\">\n\t\t<div class=\"col-xs-5\"><b>Actual Qty After Transaction</b></div><div class=\"col-xs-7\">{{doc.qty_after_transaction}}</div>\n\t</div><br>\n\t<div class=\"row\">\n\t\t<div class=\"col-xs-5\"><b>Valuation Rate</b></div><div class=\"col-xs-7\">{{ doc.get_formatted(\"valuation_rate\")}}</div>\n\t</div><br>\n\t<div class=\"row\">\n\t\t<div class=\"col-xs-5\"><b>Stock Value</b></div><div class=\"col-xs-7\">{{doc.get_formatted(\"stock_value\")}}</div>\n\t</div><br>\n\t<div class=\"row\">\n\t\t<div class=\"col-xs-5\"><b>Stock Value Difference</b></div><div class=\"col-xs-7\">{{doc.get_formatted(\"stock_value_difference\")}}</div>\n\t</div><br>\n\t<div class=\"row\">\n\t\t<div class=\"col-xs-5\"><b>Voucher Type</b></div><div class=\"col-xs-7\">{{doc.company}}</div>\n\t</div><br>\n\t<div class=\"row\">\n\t\t<div class=\"col-xs-5\"><b>Fiscal Year</b></div><div class=\"col-xs-7\">{{doc.fiscal_year}}</div>\n\t</div><br>\n\t<div class=\"row\">\n\t\t<div class=\"col-xs-5\"><b>Is Cancelled</b></div><div class=\"col-xs-7\">{{doc.is_cancelled}}</div>\n\t</div>\n</div>", 
  "line_breaks": 0, 
  "modified": "2018-10-25 12:11:10.253461", 
  "module": "Stock", 
  "name": "STOCK LEDGER ENTRY", 
  "print_format_builder": 0, 
  "print_format_type": "Server", 
  "show_section_headings": 0, 
  "standard": "Yes"
 }, 
 {
  "align_labels_right": 0, 
  "css": null, 
  "custom_format": 1, 
  "disabled": 0, 
  "doc_type": "Farmer Payment Cycle Report", 
  "docstatus": 0, 
  "doctype": "Print Format", 
  "font": "Default", 
  "format_data": null, 
  "html": "<html>\n<body>\n<a href=\"printintent:// \nMilk Bill Collection \\n\n                               {{doc.name}} \\n\n------------------------------------------------------------\\n\nVlcc Name: {{ doc.vlcc_name }} \\n\n\n{% if (doc.address_display) -%}\n    Address:\n    {% set vlcc_address = doc.address_display.replace('<br>', ', ') %}\n    {{ vlcc_address }}\n{%- endif %}\n\\nMobile No: {{ doc.phone_no }}\\n\nDate: {{doc.date }} \\n\n---------------------------------------\\n\nFarmer ID: {{ doc.farmer_id }} \\n\nFamre Name: {{ doc.farmer_name }} \\n\nCattle Type: {{ doc.cattle_type }} \\n\nCollection From: {{doc.collection_from }} \\n\nCollection To: {{ doc.collection_to }} \\n\n---------------------------------------\\n\nSr%20  Date%20%20%20%20%20%20 Shift%20%20%20%20%20  Qty%20  Fat%20\\n\nSnf%20  Rate%20  Amt\t\\n\n\n{%- for row in doc.fmcr_details -%}\n\t\t{{ row.idx }}%20\n\t\t%20%20%20{{ row.date }}%20%20%20\n\t\t%20%20{{ row.shift }}%20\n\t\t%20%20{{ row.litres }}%20%20%20\n\t\t%20%20{{ row.fat }}%20\\n\n\t\t{{ row.snf }}%20\n\t\t%20%20%20{{ row.get_formatted('rate', doc) }}%20\n\t\t%20%20%20%20%20%20{{ row.get_formatted('amount', doc) }}%20\\n\n{%- endfor -%}\n---------------------------------------\\n\nTotal Amount: {{ doc.total_amount }} \\n\nCommission: {{ doc.incentives }}\\n\nTotal Bill: {{ doc.total_bill }}\\n\n---------------------------------------\\n\nAdvance Emi: {{ doc.advance_emi }} \\n\nLoan Emi: {{ doc.loan_emi }} \\n\nFeed And Fodder : {{ doc.feed_and_fodder }} \\n\n---------------------------------------\\n\nAdvance Outstanding: {{ doc.advance_outstanding }} \\n\nLoan Outstanding: {{ doc.loan_outstanding }} \\n\n---------------------------------------\\n\nNet Pay: {{ doc.net_pay }} \\n\">Click For Intent</a>\n</body>\n</html>", 
  "line_breaks": 0, 
  "modified": "2018-10-25 11:17:58.865681", 
  "module": "Dairy Erp", 
  "name": "Milk Collection Bill App", 
  "print_format_builder": 0, 
  "print_format_type": "Server", 
  "show_section_headings": 0, 
  "standard": "Yes"
 }
]